<?xml version="1.0"?>
<project name="project" default="default">

    <target name="default">
			<property name="KM3FilePath" value="fr/obeo/reverse/vb/parser/MM/vb.km3" />
			<property name="build.folder" value="build/" />
			<property name="metamodel" value="vb" />
   		 	<property name="build.compiler" value="org.eclipse.jdt.core.JDTCompilerAdapter"/>  		
    		<property name="parser.package" value="org/atl/engine/injectors/ebnf"/>

    		<mkdir dir="${build.folder}${parser.package}"/> 

			<am3.useClasspath name="tcsBuildPath"/>
			
			<antlr target="${build.folder}${metamodel}.g" outputdirectory="${build.folder}${parser.package}" >
				<classpath refid="tcsBuildPath" />
			</antlr>

			<javac srcdir="${build.folder}" classpathref="tcsBuildPath">
				<include name="org/**/*.java"/>
			</javac>

			<jar destfile="${build.folder}${metamodel}-importer.jar" basedir="${build.folder}" includes="**/*.class" />

		</target>

</project>