
<project name="PerformanceAnnotatedUmlStateCharts_MoDisco-UseCase" default="generateModel">

	<target name="generateModel" depends="loadMetamodels">

		<am3.loadModel modelHandler="EMF" name="TraceSamples-Trace" metamodel="Trace" path="Outputs/TraceSamples-Trace.ecore"/>

		<!-- Generate the Metrics model from the Trace model -->
		<am3.atl path="Transformations/Trace2PerformanceMetrics.atl">
			<inModel name="IN" model="TraceSamples-Trace"/>
			<inModel name="Trace" model="Trace"/>
			<inModel name="Metrics" model="Metrics"/>
			<outModel name="OUT" model="TraceSamplesPerformanceMetrics-Metrics" metamodel="Metrics"/>
		</am3.atl>
		<am3.saveModel model="TraceSamplesPerformanceMetrics-Metrics" path="Outputs/TraceSamplesPerformanceMetrics-Metrics.ecore"/>

	</target>
	
	
	<target name="loadMetamodels">

		<!-- Load Trace metamodel -->
		<am3.loadModel modelHandler="EMF" name="Trace" metamodel="MOF" path="Metamodels/Trace.ecore" />
		
		<!-- Load Metrics metamodel -->
		<am3.loadModel modelHandler="EMF" name="Metrics" metamodel="MOF" path="Metamodels/Metrics.ecore" />
		
	</target>
	
</project>