
<project name="BugzillaModel-Understanding" default="understand">

	<target name="understand" depends="loadMetamodels">
		
		<!-- Modify the Table model manually (first row-first cell of each table) in order to specify if it is a "Bar Chart" or a "Pie Chart" -->
		
		<!-- Load the Table model -->
		<am3.loadModel modelHandler="EMF" name="Bugs_GMT-Table" metamodel="Table" path="Outputs/Table/Bugs_GMT-Table.ecore"/>
		
		
		<!-- Generate the SVG BarChart model from the Table model -->
		<am3.atl path="Transformations/Table2XXX/Table2SVGBarChart.atl">
			<inModel name="IN" model="Bugs_GMT-Table"/>
			<inModel name="Table" model="Table"/>
			<inModel name="SVG" model="SVG"/>
			<outModel name="OUT" model="Bugs_GMT-SVGBarChart" metamodel="SVG"/>
		</am3.atl>		
		<am3.saveModel model="Bugs_GMT-SVGBarChart" path="Outputs/SVG/Bugs_GMT-SVGBarChart.ecore"/>

		<!-- Generate the XML model from the SVG BarChart model -->
		<am3.atl path="Transformations/Table2XXX/Extractors/SVG2XML.atl">
			<inModel name="IN" model="Bugs_GMT-SVGBarChart"/>
			<inModel name="SVG" model="SVG"/>
			<inModel name="XML" model="XML"/>
			<outModel name="OUT" model="Bugs_GMT-SVGBarChart-XML" metamodel="XML"/>
		</am3.atl>	
		<am3.saveModel model="Bugs_GMT-SVGBarChart-XML" path="Outputs/XML/Bugs_GMT-SVGBarChart-XML.ecore"/>
		
		<!-- Extract the SVG file from SVG BarChart XML model -->
		<am3.saveModel model="Bugs_GMT-SVGBarChart-XML" path="Outputs/Bugs_GMT-BarChart.svg">
			<extractor name="xml"/>
		</am3.saveModel>
		
		
		<!-- Generate the SVG PieChart model from the Table model -->
		<am3.atl path="Transformations/Table2XXX/Table2SVGPieChart.atl">
			<inModel name="IN" model="Bugs_GMT-Table"/>
			<inModel name="Table" model="Table"/>
			<inModel name="SVG" model="SVG"/>
			<outModel name="OUT" model="Bugs_GMT-SVGPieChart" metamodel="SVG"/>
		</am3.atl>		
		<am3.saveModel model="Bugs_GMT-SVGPieChart" path="Outputs/SVG/Bugs_GMT-SVGPieChart.ecore"/>

		<!-- Generate the XML model from the SVG PieChart model -->
		<am3.atl path="Transformations/Table2XXX/Extractors/SVG2XML.atl">
			<inModel name="IN" model="Bugs_GMT-SVGPieChart"/>
			<inModel name="SVG" model="SVG"/>
			<inModel name="XML" model="XML"/>
			<outModel name="OUT" model="Bugs_GMT-SVGPieChart-XML" metamodel="XML"/>
		</am3.atl>	
		<am3.saveModel model="Bugs_GMT-SVGPieChart-XML" path="Outputs/XML/Bugs_GMT-SVGPieChart-XML.ecore"/>
		
		<!-- Extract the SVG file from SVG PieChart XML model -->
		<am3.saveModel model="Bugs_GMT-SVGPieChart-XML" path="Outputs/Bugs_GMT-PieChart.svg">
			<extractor name="xml"/>
		</am3.saveModel>
		
	</target>
	
	
	<target name="loadMetamodels">
				
		<!-- Load Table metamodel -->
		<am3.loadModel modelHandler="EMF" name="Table" metamodel="MOF" path="Metamodels/Table.ecore" />
		
		<!-- Load SVG metamodel -->
		<am3.loadModel modelHandler="EMF" name="SVG" metamodel="MOF" path="Metamodels/SVG.ecore" />
		
		<!-- Load XML metamodel -->
		<am3.loadModel modelHandler="EMF" name="XML" metamodel="MOF" path="Metamodels/XML.ecore" />
		
	</target>
	
</project>