
<project name="BugzillaModel-Understanding" default="understand">

	<target name="understand" depends="loadMetamodels">
		
		<!-- Load the Bugzilla model -->
		<am3.loadModel modelHandler="EMF" name="Bugs_GMT-Bugzilla" metamodel="Bugzilla" path="Outputs/Bugzilla/Bugs_GMT-Bugzilla.ecore"/>
		
		<!-- Generate the Metrics model from the Bugzilla model -->		
		<am3.atl path="Transformations/Bugzilla2Metrics.atl">
			<inModel name="IN" model="Bugs_GMT-Bugzilla"/>
			<inModel name="Bugzilla" model="Bugzilla"/>
			<inModel name="Metrics" model="Metrics"/>
			<outModel name="OUT" model="Bugs_GMT-Metrics" metamodel="Metrics"/>
		</am3.atl>
		<am3.saveModel model="Bugs_GMT-Metrics" path="Outputs/Metrics/Bugs_GMT-Metrics.ecore"/>
				
		<!-- Generate the visualizations (in HTML, Excel and SVG) from the Metrics model -->	
		<ant dir="${basedir}/../MetricsVisualizationBuilder_MoDisco-Toolbox">
			<property name="metricsName" value="Bugs_GMT-Metrics"/>
			<property name="metricsModelPath" value="/BugzillaMetrics_MoDisco-UseCase/Outputs/Metrics/Bugs_GMT-Metrics.ecore"/>
			<property name="outputFilesDirectoryPath" value="/BugzillaMetrics_MoDisco-UseCase/Outputs"/>
			<property name="saveIntermediateModels" value="0"/>
			<property name="HTML" value="1"/>
			<property name="Excel" value="1"/>
			<property name="SVGBarChart" value="1"/>
			<property name="SVGPieChart" value="1"/>
		</ant>
		
	</target>
	
	
	<target name="loadMetamodels">

		<!-- Load Bugzilla metamodel -->
		<am3.loadModel modelHandler="EMF" name="Bugzilla" metamodel="MOF" path="Metamodels/Bugzilla.ecore" />
		
		<!-- Load Metrics metamodel -->
		<am3.loadModel modelHandler="EMF" name="Metrics" metamodel="MOF" path="/MetricsVisualizationBuilder_MoDisco-Toolbox/Metamodels/Metrics.ecore" />
		
	</target>
	
</project>