
<project name="BugzillaModel-Understanding" default="understand">

	<target name="understand">
			
		<!-- Generate the visualizations (in HTML, Excel and SVG) from the Metrics model -->	
		<ant dir="${basedir}/../MetricsVisualizationBuilder_MoDisco-Toolbox">
			<property name="metricsName" value="Bugs_GMT-Metrics"/>
			<property name="metricsModelPath" value="/BugzillaMetrics_MoDisco-UseCase/Outputs/Metrics/Bugs_GMT-Metrics.ecore"/>
			<property name="outputFilesDirectoryPath" value="/BugzillaMetrics_MoDisco-UseCase/Outputs"/>
			<property name="saveIntermediateModels" value="0"/>
			<property name="HTML" value="1"/>
			<property name="Excel" value="1"/>
			<property name="SVGBarChart" value="1"/>
			<property name="SVGPieChart" value="1"/>
		</ant>
		
	</target>

</project>