
<project name="BugzillaModel-Understanding" default="understand">

	<target name="understand" depends="loadMetamodels">
		
		<!-- Load the Table model -->
		<am3.loadModel modelHandler="EMF" name="Bugs_GMT-Table" metamodel="Table" path="Outputs/Table/Bugs_GMT-Table.ecore"/>
		
		
		<!-- Generate the HTML model from the Table model -->			
		<am3.atl path="Transformations/Table2XXX/Table2TabularHTML.atl">
			<inModel name="IN" model="Bugs_GMT-Table"/>
			<inModel name="Table" model="Table"/>
			<inModel name="HTML" model="HTML"/>
			<outModel name="OUT" model="Bugs_GMT-HTML" metamodel="HTML"/>
		</am3.atl>	
		<am3.saveModel model="Bugs_GMT-HTML" path="Outputs/HTML/Bugs_GMT-HTML.ecore"/>

		<!-- Generate the XML model from the HTML model -->
		<am3.atl path="Transformations/Table2XXX/Extractors/HTML2XML.atl">
			<inModel name="IN" model="Bugs_GMT-HTML"/>
			<inModel name="HTML" model="HTML"/>
			<inModel name="XML" model="XML"/>
			<outModel name="OUT" model="Bugs_GMT-HTML-XML" metamodel="XML"/>
		</am3.atl>		
		<am3.saveModel model="Bugs_GMT-HTML-XML" path="Outputs/XML/Bugs_GMT-HTML-XML.ecore"/>
	
		<!-- Extract the HTML file from HTML XML model -->
		<am3.saveModel model="Bugs_GMT-HTML-XML" path="Outputs/Bugs_GMT-Table.html">
			<extractor name="xml"/>
		</am3.saveModel>

		
		<!-- Generate the SpreadsheetMLSimplified model from the Table model -->		
		<am3.atl path="Transformations/Table2XXX/Table2SpreadsheetMLSimplified.atl">
			<inModel name="IN" model="Bugs_GMT-Table"/>
			<inModel name="Table" model="Table"/>
			<inModel name="SpreadsheetMLSimplified" model="SpreadsheetMLSimplified"/>
			<outModel name="OUT" model="Bugs_GMT-SpreadsheetMLSimplified" metamodel="SpreadsheetMLSimplified"/>
		</am3.atl>
		<am3.saveModel model="Bugs_GMT-SpreadsheetMLSimplified" path="Outputs/SpreadsheetMLSimplified/Bugs_GMT-SpreadsheetMLSimplified.ecore"/>

		<!-- Generate the XML model from the SpreadsheetMLSimplified model -->
		<am3.atl path="Transformations/Table2XXX/Extractors/SpreadsheetMLSimplified2XML.atl">
			<inModel name="IN" model="Bugs_GMT-SpreadsheetMLSimplified"/>
			<inModel name="SpreadsheetMLSimplified" model="SpreadsheetMLSimplified"/>
			<inModel name="XML" model="XML"/>
			<outModel name="OUT" model="Bugs_GMT-SpreadsheetMLSimplified-XML" metamodel="XML"/>
		</am3.atl>
		<am3.saveModel model="Bugs_GMT-SpreadsheetMLSimplified-XML" path="Outputs/XML/Bugs_GMT-SpreadsheetMLSimplified-XML.ecore"/>
	
		<!-- Extract the HTML file from HTML XML model -->
		<am3.saveModel model="Bugs_GMT-SpreadsheetMLSimplified-XML" path="Outputs/Bugs_GMT-Excel.xml">
			<extractor name="xml"/>
		</am3.saveModel>
		
	</target>
	
	
	<target name="loadMetamodels">

		<!-- Load Table metamodel -->
		<am3.loadModel modelHandler="EMF" name="Table" metamodel="MOF" path="Metamodels/Table.ecore" />
		
		<!-- Load HTML metamodel -->
		<am3.loadModel modelHandler="EMF" name="HTML" metamodel="MOF" path="Metamodels/HTML.ecore" />
		
		<!-- Load SpreadsheetMLSimplified metamodel -->
		<am3.loadModel modelHandler="EMF" name="SpreadsheetMLSimplified" metamodel="MOF" path="Metamodels/MSOfficeExcel_SpreadsheetMLSimplified.ecore" />
		
		<!-- Load XML metamodel -->
		<am3.loadModel modelHandler="EMF" name="XML" metamodel="MOF" path="Metamodels/XML.ecore" />
				
	</target>
	
</project>