<?xml version = '1.0' encoding = 'ISO-8859-1' ?>
<Workbook xmlns = 'urn:schemas-microsoft-com:office:spreadsheet' xmlns:ss = 'urn:schemas-microsoft-com:office:spreadsheet'>
  <Worksheet ss:Name = 'Metric 1'>
    <Table>
      <Column ss:Width = '200.0'/>
      <Column ss:Width = '200.0'/>
      <Row>
        <Cell>
          <Data ss:Type = 'String'></Data>
        </Cell>
        <Cell>
          <Data ss:Type = 'String'>Number of bugs per severity type</Data>
        </Cell>
      </Row>
      <Row>
        <Cell>
          <Data ss:Type = 'String'>Blocker</Data>
        </Cell>
        <Cell>
          <Data ss:Type = 'Number'>3.0</Data>
        </Cell>
      </Row>
      <Row>
        <Cell>
          <Data ss:Type = 'String'>Critical</Data>
        </Cell>
        <Cell>
          <Data ss:Type = 'Number'>4.0</Data>
        </Cell>
      </Row>
      <Row>
        <Cell>
          <Data ss:Type = 'String'>Major</Data>
        </Cell>
        <Cell>
          <Data ss:Type = 'Number'>28.0</Data>
        </Cell>
      </Row>
      <Row>
        <Cell>
          <Data ss:Type = 'String'>Normal</Data>
        </Cell>
        <Cell>
          <Data ss:Type = 'Number'>214.0</Data>
        </Cell>
      </Row>
      <Row>
        <Cell>
          <Data ss:Type = 'String'>Minor</Data>
        </Cell>
        <Cell>
          <Data ss:Type = 'Number'>16.0</Data>
        </Cell>
      </Row>
      <Row>
        <Cell>
          <Data ss:Type = 'String'>Trivial</Data>
        </Cell>
        <Cell>
          <Data ss:Type = 'Number'>6.0</Data>
        </Cell>
      </Row>
      <Row>
        <Cell>
          <Data ss:Type = 'String'>Enhancement</Data>
        </Cell>
        <Cell>
          <Data ss:Type = 'Number'>99.0</Data>
        </Cell>
      </Row>
    </Table>
  </Worksheet>
  <Worksheet ss:Name = 'Metric 2'>
    <Table>
      <Column ss:Width = '200.0'/>
      <Column ss:Width = '200.0'/>
      <Row>
        <Cell>
          <Data ss:Type = 'String'></Data>
        </Cell>
        <Cell>
          <Data ss:Type = 'String'>Percentage of bugs per severity type</Data>
        </Cell>
      </Row>
      <Row>
        <Cell>
          <Data ss:Type = 'String'>Blocker</Data>
        </Cell>
        <Cell>
          <Data ss:Type = 'Number'>0.8108108108108109</Data>
        </Cell>
      </Row>
      <Row>
        <Cell>
          <Data ss:Type = 'String'>Critical</Data>
        </Cell>
        <Cell>
          <Data ss:Type = 'Number'>1.0810810810810811</Data>
        </Cell>
      </Row>
      <Row>
        <Cell>
          <Data ss:Type = 'String'>Major</Data>
        </Cell>
        <Cell>
          <Data ss:Type = 'Number'>7.5675675675675675</Data>
        </Cell>
      </Row>
      <Row>
        <Cell>
          <Data ss:Type = 'String'>Normal</Data>
        </Cell>
        <Cell>
          <Data ss:Type = 'Number'>57.83783783783784</Data>
        </Cell>
      </Row>
      <Row>
        <Cell>
          <Data ss:Type = 'String'>Minor</Data>
        </Cell>
        <Cell>
          <Data ss:Type = 'Number'>4.324324324324325</Data>
        </Cell>
      </Row>
      <Row>
        <Cell>
          <Data ss:Type = 'String'>Trivial</Data>
        </Cell>
        <Cell>
          <Data ss:Type = 'Number'>1.6216216216216217</Data>
        </Cell>
      </Row>
      <Row>
        <Cell>
          <Data ss:Type = 'String'>Enhancement</Data>
        </Cell>
        <Cell>
          <Data ss:Type = 'Number'>26.756756756756758</Data>
        </Cell>
      </Row>
    </Table>
  </Worksheet>
</Workbook>
