<?xml version = '1.0' encoding = 'ISO-8859-1' ?>
<Workbook xmlns = 'urn:schemas-microsoft-com:office:spreadsheet' xmlns:ss = 'urn:schemas-microsoft-com:office:spreadsheet'>
  <Worksheet ss:Name = 'New table'>
    <Table>
      <Column ss:Width = '150.0'/>
      <Column ss:Width = '150.0'/>
      <Row>
        <Cell>
          <Data ss:Type = 'String'></Data>
        </Cell>
        <Cell>
          <Data ss:Type = 'String'>Number of bugs per severity type</Data>
        </Cell>
      </Row>
      <Row>
        <Cell>
          <Data ss:Type = 'String'>Blocker</Data>
        </Cell>
        <Cell>
          <Data ss:Type = 'Number'>3.0</Data>
        </Cell>
      </Row>
      <Row>
        <Cell>
          <Data ss:Type = 'String'>Critical</Data>
        </Cell>
        <Cell>
          <Data ss:Type = 'Number'>4.0</Data>
        </Cell>
      </Row>
      <Row>
        <Cell>
          <Data ss:Type = 'String'>Major</Data>
        </Cell>
        <Cell>
          <Data ss:Type = 'Number'>28.0</Data>
        </Cell>
      </Row>
      <Row>
        <Cell>
          <Data ss:Type = 'String'>Normal</Data>
        </Cell>
        <Cell>
          <Data ss:Type = 'Number'>214.0</Data>
        </Cell>
      </Row>
      <Row>
        <Cell>
          <Data ss:Type = 'String'>Minor</Data>
        </Cell>
        <Cell>
          <Data ss:Type = 'Number'>16.0</Data>
        </Cell>
      </Row>
      <Row>
        <Cell>
          <Data ss:Type = 'String'>Trivial</Data>
        </Cell>
        <Cell>
          <Data ss:Type = 'Number'>6.0</Data>
        </Cell>
      </Row>
      <Row>
        <Cell>
          <Data ss:Type = 'String'>Enhancement</Data>
        </Cell>
        <Cell>
          <Data ss:Type = 'Number'>99.0</Data>
        </Cell>
      </Row>
    </Table>
  </Worksheet>
</Workbook>
