<?xml version="1.0"?>
<?mso-application progid="Excel.Sheet"?>
<Workbook xmlns="urn:schemas-microsoft-com:office:spreadsheet"
 xmlns:o="urn:schemas-microsoft-com:office:office"
 xmlns:x="urn:schemas-microsoft-com:office:excel"
 xmlns:ss="urn:schemas-microsoft-com:office:spreadsheet"
 xmlns:html="http://www.w3.org/TR/REC-html40">
 <DocumentProperties xmlns="urn:schemas-microsoft-com:office:office">
  <LastAuthor>Hugo Bruneliere (INRIA)</LastAuthor>
  <Created>2007-06-13T14:24:40Z</Created>
  <Version>11.6568</Version>
 </DocumentProperties>
 <ExcelWorkbook xmlns="urn:schemas-microsoft-com:office:excel">
  <WindowHeight>12660</WindowHeight>
  <WindowWidth>24780</WindowWidth>
  <WindowTopX>240</WindowTopX>
  <WindowTopY>105</WindowTopY>
  <ProtectStructure>False</ProtectStructure>
  <ProtectWindows>False</ProtectWindows>
 </ExcelWorkbook>
 <Styles>
  <Style ss:ID="Default" ss:Name="Normal">
   <Alignment ss:Vertical="Bottom"/>
   <Borders/>
   <Font/>
   <Interior/>
   <NumberFormat/>
   <Protection/>
  </Style>
 </Styles>
 <Worksheet ss:Name="Order_PerformanceTrace">
  <Table ss:ExpandedColumnCount="7" ss:ExpandedRowCount="25" x:FullColumns="1"
   x:FullRows="1" ss:DefaultColumnWidth="60">
   <Row>
    <Cell><Data ss:Type="String">Index</Data></Cell>
    <Cell><Data ss:Type="String">Node</Data></Cell>
    <Cell><Data ss:Type="String">DB Accesses</Data></Cell>
    <Cell><Data ss:Type="String">DB Rows</Data></Cell>
    <Cell><Data ss:Type="String">CPU Time</Data></Cell>
   </Row>
   <Row>
    <Cell><Data ss:Type="Number">1</Data></Cell>
    <Cell><Data ss:Type="String">Create New Order</Data></Cell>
    <Cell><Data ss:Type="Number">0</Data></Cell>
    <Cell><Data ss:Type="Number">0</Data></Cell>
    <Cell><Data ss:Type="Number">8725</Data></Cell>
   </Row>
   <Row>
    <Cell><Data ss:Type="Number">2</Data></Cell>
    <Cell><Data ss:Type="String">Select Order</Data></Cell>
    <Cell><Data ss:Type="Number">2</Data></Cell>
    <Cell><Data ss:Type="Number">2645</Data></Cell>
    <Cell><Data ss:Type="Number">10122</Data></Cell>
   </Row>
   <Row>
    <Cell><Data ss:Type="Number">3</Data></Cell>
    <Cell><Data ss:Type="String">Create New Order</Data></Cell>
    <Cell><Data ss:Type="Number">0</Data></Cell>
    <Cell><Data ss:Type="Number">0</Data></Cell>
    <Cell><Data ss:Type="Number">7463</Data></Cell>
   </Row>
   <Row>
    <Cell><Data ss:Type="Number">4</Data></Cell>
    <Cell><Data ss:Type="String">Select Order</Data></Cell>
    <Cell><Data ss:Type="Number">3</Data></Cell>
    <Cell><Data ss:Type="Number">4225</Data></Cell>
    <Cell><Data ss:Type="Number">12473</Data></Cell>
   </Row>
   <Row>
    <Cell><Data ss:Type="Number">5</Data></Cell>
    <Cell><Data ss:Type="String">Select Order</Data></Cell>
    <Cell><Data ss:Type="Number">2</Data></Cell>
    <Cell><Data ss:Type="Number">2386</Data></Cell>
    <Cell><Data ss:Type="Number">10242</Data></Cell>
   </Row>
   <Row>
    <Cell><Data ss:Type="Number">6</Data></Cell>
    <Cell><Data ss:Type="String">Select Order</Data></Cell>
    <Cell><Data ss:Type="Number">4</Data></Cell>
    <Cell><Data ss:Type="Number">5786</Data></Cell>
    <Cell><Data ss:Type="Number">12703</Data></Cell>
   </Row>
   <Row>
    <Cell><Data ss:Type="Number">7</Data></Cell>
    <Cell><Data ss:Type="String">Create New Order</Data></Cell>
    <Cell><Data ss:Type="Number">0</Data></Cell>
    <Cell><Data ss:Type="Number">0</Data></Cell>
    <Cell><Data ss:Type="Number">8364</Data></Cell>
   </Row>
   <Row ss:Index="11">
    <Cell><Data ss:Type="String">Index</Data></Cell>
    <Cell ss:Index="3"><Data ss:Type="String">Node</Data></Cell>
    <Cell><Data ss:Type="String">DB Accesses</Data></Cell>
    <Cell><Data ss:Type="String">DB Rows</Data></Cell>
    <Cell><Data ss:Type="String">CPU Time</Data></Cell>
   </Row>
   <Row>
    <Cell><Data ss:Type="Number">1</Data></Cell>
    <Cell><Data ss:Type="Number">1</Data></Cell>
    <Cell><Data ss:Type="String">Validate</Data></Cell>
    <Cell><Data ss:Type="Number">1</Data></Cell>
    <Cell><Data ss:Type="Number">1114</Data></Cell>
    <Cell><Data ss:Type="Number">9789</Data></Cell>
   </Row>
   <Row>
    <Cell><Data ss:Type="Number">2</Data></Cell>
    <Cell><Data ss:Type="Number">1</Data></Cell>
    <Cell><Data ss:Type="String">Update Order</Data></Cell>
    <Cell><Data ss:Type="Number">0</Data></Cell>
    <Cell><Data ss:Type="Number">0</Data></Cell>
    <Cell><Data ss:Type="Number">12322</Data></Cell>
   </Row>
   <Row>
    <Cell><Data ss:Type="Number">3</Data></Cell>
    <Cell><Data ss:Type="Number">1</Data></Cell>
    <Cell><Data ss:Type="String">Cancel</Data></Cell>
    <Cell><Data ss:Type="Number">0</Data></Cell>
    <Cell><Data ss:Type="Number">0</Data></Cell>
    <Cell><Data ss:Type="Number">486</Data></Cell>
   </Row>
   <Row>
    <Cell><Data ss:Type="Number">4</Data></Cell>
    <Cell><Data ss:Type="Number">1</Data></Cell>
    <Cell><Data ss:Type="String">Delete Order</Data></Cell>
    <Cell><Data ss:Type="Number">0</Data></Cell>
    <Cell><Data ss:Type="Number">0</Data></Cell>
    <Cell><Data ss:Type="Number">4838</Data></Cell>
   </Row>
   <Row>
    <Cell><Data ss:Type="Number">5</Data></Cell>
    <Cell><Data ss:Type="Number">1</Data></Cell>
    <Cell><Data ss:Type="String">Delete Order</Data></Cell>
    <Cell><Data ss:Type="Number">0</Data></Cell>
    <Cell><Data ss:Type="Number">0</Data></Cell>
    <Cell><Data ss:Type="Number">5017</Data></Cell>
   </Row>
   <Row>
    <Cell><Data ss:Type="Number">6</Data></Cell>
    <Cell><Data ss:Type="Number">1</Data></Cell>
    <Cell><Data ss:Type="String">Update Order</Data></Cell>
    <Cell><Data ss:Type="Number">0</Data></Cell>
    <Cell><Data ss:Type="Number">0</Data></Cell>
    <Cell><Data ss:Type="Number">11634</Data></Cell>
   </Row>
   <Row>
    <Cell><Data ss:Type="Number">7</Data></Cell>
    <Cell><Data ss:Type="Number">1</Data></Cell>
    <Cell><Data ss:Type="String">Validate</Data></Cell>
    <Cell><Data ss:Type="Number">1</Data></Cell>
    <Cell><Data ss:Type="Number">1115</Data></Cell>
    <Cell><Data ss:Type="Number">9662</Data></Cell>
   </Row>
   <Row ss:Index="21">
    <Cell><Data ss:Type="String">Index</Data></Cell>
    <Cell ss:Index="4"><Data ss:Type="String">Node</Data></Cell>
    <Cell><Data ss:Type="String">DB Accesses</Data></Cell>
    <Cell><Data ss:Type="String">DB Rows</Data></Cell>
    <Cell><Data ss:Type="String">CPU Time</Data></Cell>
   </Row>
   <Row>
    <Cell><Data ss:Type="Number">2</Data></Cell>
    <Cell><Data ss:Type="Number">1</Data></Cell>
    <Cell><Data ss:Type="Number">1</Data></Cell>
    <Cell><Data ss:Type="String">Validate</Data></Cell>
    <Cell><Data ss:Type="Number">1</Data></Cell>
    <Cell><Data ss:Type="Number">1115</Data></Cell>
    <Cell><Data ss:Type="Number">9964</Data></Cell>
   </Row>
   <Row>
    <Cell><Data ss:Type="Number">4</Data></Cell>
    <Cell><Data ss:Type="Number">1</Data></Cell>
    <Cell><Data ss:Type="Number">1</Data></Cell>
    <Cell><Data ss:Type="String">Cancel</Data></Cell>
    <Cell><Data ss:Type="Number">0</Data></Cell>
    <Cell><Data ss:Type="Number">0</Data></Cell>
    <Cell><Data ss:Type="Number">451</Data></Cell>
   </Row>
   <Row>
    <Cell><Data ss:Type="Number">5</Data></Cell>
    <Cell><Data ss:Type="Number">1</Data></Cell>
    <Cell><Data ss:Type="Number">1</Data></Cell>
    <Cell><Data ss:Type="String">Validate</Data></Cell>
    <Cell><Data ss:Type="Number">1</Data></Cell>
    <Cell><Data ss:Type="Number">1115</Data></Cell>
    <Cell><Data ss:Type="Number">9423</Data></Cell>
   </Row>
   <Row>
    <Cell><Data ss:Type="Number">6</Data></Cell>
    <Cell><Data ss:Type="Number">1</Data></Cell>
    <Cell><Data ss:Type="Number">1</Data></Cell>
    <Cell><Data ss:Type="String">Validate</Data></Cell>
    <Cell><Data ss:Type="Number">1</Data></Cell>
    <Cell><Data ss:Type="Number">1114</Data></Cell>
    <Cell><Data ss:Type="Number">9756</Data></Cell>
   </Row>
  </Table>
  <WorksheetOptions xmlns="urn:schemas-microsoft-com:office:excel">
   <PageSetup>
    <Header x:Margin="0.4921259845"/>
    <Footer x:Margin="0.4921259845"/>
    <PageMargins x:Bottom="0.984251969" x:Left="0.78740157499999996"
     x:Right="0.78740157499999996" x:Top="0.984251969"/>
   </PageSetup>
   <Selected/>
   <Panes>
    <Pane>
     <Number>3</Number>
     <ActiveRow>7</ActiveRow>
     <ActiveCol>1</ActiveCol>
    </Pane>
   </Panes>
   <ProtectObjects>False</ProtectObjects>
   <ProtectScenarios>False</ProtectScenarios>
  </WorksheetOptions>
 </Worksheet>
</Workbook>
