<!--
/********************************************************************************
 * Copyright (c) 2007 INRIA. 
 * All rights reserved. This program and the accompanying materials 
 * are made available under the terms of the Eclipse Public License v1.0 
 * which accompanies this distribution, and is available at
 * http://www.eclipse.org/legal/epl-v10.html
 * 
 * Contributors: 
 *     INRIA - Initial implementation
 *     
 ******************************************************************************/
-->

<!-- author: Hugo Bruneliere -->
 	
<project name="BugzillaModel-Understanding" default="understand">

	<target name="understand">
			
		<!-- Generate the visualizations (in HTML, Excel and SVG) from the Metrics model -->	
		<ant dir="${basedir}/../org.eclipse.gmt.modisco.tool.metricsvisualizationbuilder">
			<property name="metricsName" value="Bugs_GMT-Metrics"/>
			<property name="metricsModelPath" value="/org.eclipse.gmt.modisco.usecase.bugzillametrics/Outputs/Metrics/Bugs_GMT-Metrics.xmi"/>
			<property name="outputFilesDirectoryPath" value="/org.eclipse.gmt.modisco.usecase.bugzillametrics/Outputs"/>
			<property name="saveIntermediateModels" value="1"/>
			<property name="HTML" value="1"/>
			<property name="Excel" value="1"/>
			<property name="SVGBarChart" value="1"/>
			<property name="SVGPieChart" value="1"/>
		</ant>
		
	</target>

</project>