<?xml version="1.0"?><table><tr><td><a href="https://bugs.eclipse.org/bugs/show_bug.cgi?id=49885">49885</a></td><td>nor</td><td>P3</td><td>Wind</td><td>jorn.bettin@softmetaware.com</td><td>RESO</td><td>INVA</td><td>ADFAF</td></tr><tr><td><a href="https://bugs.eclipse.org/bugs/show_bug.cgi?id=87631">87631</a></td><td>nor</td><td>P3</td><td>Wind</td><td>freddy.allilaire@univ-nante...</td><td>RESO</td><td>FIXE</td><td>GUI exception in ATL</td></tr><tr><td><a href="https://bugs.eclipse.org/bugs/show_bug.cgi?id=89941">89941</a></td><td>nor</td><td>P3</td><td>Linu</td><td>freddy.allilaire@univ-nante...</td><td>NEW</td><td></td><td>java.lang.NumberFormatException on making 'mapsTo' syntax...</td></tr><tr><td><a href="https://bugs.eclipse.org/bugs/show_bug.cgi?id=89943">89943</a></td><td>nor</td><td>P3</td><td>Linu</td><td>frederic.jouault@univ-nante...</td><td>RESO</td><td>FIXE</td><td>'notEmpty()' operation does not work</td></tr><tr><td><a href="https://bugs.eclipse.org/bugs/show_bug.cgi?id=90776">90776</a></td><td>nor</td><td>P3</td><td>Linu</td><td>freddy.allilaire@univ-nante...</td><td>NEW</td><td></td><td>ATL "mapsTo" directive seems to be ignored</td></tr><tr><td><a href="https://bugs.eclipse.org/bugs/show_bug.cgi?id=92188">92188</a></td><td>nor</td><td>P3</td><td>Linu</td><td>freddy.allilaire@univ-nante...</td><td>NEW</td><td></td><td>ATL fails to copy MOF StructureType types (ERROR: null)</td></tr><tr><td><a href="https://bugs.eclipse.org/bugs/show_bug.cgi?id=93974">93974</a></td><td>nor</td><td>P3</td><td>Linu</td><td>freddy.allilaire@univ-nante...</td><td>RESO</td><td>FIXE</td><td>Another GUI exception in ATL</td></tr><tr><td><a href="https://bugs.eclipse.org/bugs/show_bug.cgi?id=98056">98056</a></td><td>nor</td><td>P3</td><td>Linu</td><td>freddy.allilaire@univ-nante...</td><td>NEW</td><td></td><td>ATL helpers not found if using more than one library</td></tr><tr><td><a href="https://bugs.eclipse.org/bugs/show_bug.cgi?id=100192">100192</a></td><td>nor</td><td>P3</td><td>Linu</td><td>freddy.allilaire@univ-nante...</td><td>NEW</td><td></td><td>ATL uses M3 elements instead of M2 elements with same nam...</td></tr><tr><td><a href="https://bugs.eclipse.org/bugs/show_bug.cgi?id=108790">108790</a></td><td>min</td><td>P3</td><td>Wind</td><td>ed@willink.me.uk</td><td>NEW</td><td></td><td>UMLX documentation page: dead link</td></tr><tr><td><a href="https://bugs.eclipse.org/bugs/show_bug.cgi?id=110370">110370</a></td><td>nor</td><td>P3</td><td>Linu</td><td>ed@willink.me.uk</td><td>RESO</td><td>INVA</td><td>ClassNotFoundException</td></tr><tr><td><a href="https://bugs.eclipse.org/bugs/show_bug.cgi?id=110708">110708</a></td><td>nor</td><td>P3</td><td>Wind</td><td>freddy.allilaire@univ-nante...</td><td>NEW</td><td></td><td>Wrong metamodel names cause NPE at runtime</td></tr><tr><td><a href="https://bugs.eclipse.org/bugs/show_bug.cgi?id=110710">110710</a></td><td>nor</td><td>P3</td><td>Wind</td><td>freddy.allilaire@univ-nante...</td><td>NEW</td><td></td><td>Mismatch in metamodel names causes NPE, too!</td></tr><tr><td><a href="https://bugs.eclipse.org/bugs/show_bug.cgi?id=111351">111351</a></td><td>nor</td><td>P3</td><td>Wind</td><td>freddy.allilaire@univ-nante...</td><td>NEW</td><td></td><td>Need reusable transformation rules</td></tr><tr><td><a href="https://bugs.eclipse.org/bugs/show_bug.cgi?id=111353">111353</a></td><td>nor</td><td>P3</td><td>Wind</td><td>freddy.allilaire@univ-nante...</td><td>NEW</td><td></td><td>Need aliases for metamodels</td></tr><tr><td><a href="https://bugs.eclipse.org/bugs/show_bug.cgi?id=114480">114480</a></td><td>nor</td><td>P3</td><td>Wind</td><td>freddy.allilaire@univ-nante...</td><td>NEW</td><td></td><td>Add MOF operations</td></tr><tr><td><a href="https://bugs.eclipse.org/bugs/show_bug.cgi?id=116333">116333</a></td><td>nor</td><td>P3</td><td>Wind</td><td>freddy.allilaire@univ-nante...</td><td>RESO</td><td>FIXE</td><td>IllegalArgumentException with org.xxx style project name</td></tr><tr><td><a href="https://bugs.eclipse.org/bugs/show_bug.cgi?id=116670">116670</a></td><td>nor</td><td>P3</td><td>Wind</td><td>freddy.allilaire@univ-nante...</td><td>NEW</td><td></td><td>ATL User Doc is missing</td></tr><tr><td><a href="https://bugs.eclipse.org/bugs/show_bug.cgi?id=117227">117227</a></td><td>nor</td><td>P3</td><td>Wind</td><td>freddy.allilaire@univ-nante...</td><td>RESO</td><td>FIXE</td><td>Fatal error on XML Injector</td></tr><tr><td><a href="https://bugs.eclipse.org/bugs/show_bug.cgi?id=117283">117283</a></td><td>nor</td><td>P3</td><td>Wind</td><td>freddy.allilaire@univ-nante...</td><td>RESO</td><td>FIXE</td><td>ATL transformation using a library helper provokes an error</td></tr><tr><td><a href="https://bugs.eclipse.org/bugs/show_bug.cgi?id=123101">123101</a></td><td>nor</td><td>P3</td><td>Wind</td><td>freddy.allilaire@univ-nante...</td><td>RESO</td><td>FIXE</td><td>ATL File wizard creates files at the project root</td></tr><tr><td><a href="https://bugs.eclipse.org/bugs/show_bug.cgi?id=123154">123154</a></td><td>nor</td><td>P3</td><td>Wind</td><td>freddy.allilaire@univ-nante...</td><td>NEW</td><td></td><td>Spurious parse failures after editing meta-model</td></tr><tr><td><a href="https://bugs.eclipse.org/bugs/show_bug.cgi?id=123975">123975</a></td><td>nor</td><td>P3</td><td>Wind</td><td>freddy.allilaire@univ-nante...</td><td>RESO</td><td>FIXE</td><td>Problems with debug view during ATL debugging (version fo...</td></tr><tr><td><a href="https://bugs.eclipse.org/bugs/show_bug.cgi?id=124087">124087</a></td><td>nor</td><td>P3</td><td>Wind</td><td>freddy.allilaire@univ-nante...</td><td>NEW</td><td></td><td>module attributes are not available in variable view duri...</td></tr><tr><td><a href="https://bugs.eclipse.org/bugs/show_bug.cgi?id=124135">124135</a></td><td>nor</td><td>P3</td><td>Wind</td><td>freddy.allilaire@univ-nante...</td><td>RESO</td><td>FIXE</td><td>Synchronization problems between generic editor and gener...</td></tr><tr><td><a href="https://bugs.eclipse.org/bugs/show_bug.cgi?id=125328">125328</a></td><td>nor</td><td>P3</td><td>Wind</td><td>freddy.allilaire@univ-nante...</td><td>NEW</td><td></td><td>Sort metamodels in the Atlantic zoo by name not by URI</td></tr><tr><td><a href="https://bugs.eclipse.org/bugs/show_bug.cgi?id=125833">125833</a></td><td>nor</td><td>P3</td><td>Wind</td><td>freddy.allilaire@univ-nante...</td><td>RESO</td><td>FIXE</td><td>Dialog box "Metamodel by URI" needs a vertical scroll bar</td></tr><tr><td><a href="https://bugs.eclipse.org/bugs/show_bug.cgi?id=126169">126169</a></td><td>nor</td><td>P3</td><td>Wind</td><td>gmt-atl-inbox@eclipse.org</td><td>NEW</td><td></td><td>No error message on missing input files</td></tr><tr><td><a href="https://bugs.eclipse.org/bugs/show_bug.cgi?id=128727">128727</a></td><td>nor</td><td>P3</td><td>Wind</td><td>gmt-oaw-inbox@eclipse.org</td><td>RESO</td><td>INVA</td><td>Test</td></tr><tr><td><a href="https://bugs.eclipse.org/bugs/show_bug.cgi?id=128728">128728</a></td><td>nor</td><td>P3</td><td>Wind</td><td>gmt-oaw-inbox@eclipse.org</td><td>RESO</td><td>INVA</td><td>Test2</td></tr><tr><td><a href="https://bugs.eclipse.org/bugs/show_bug.cgi?id=128729">128729</a></td><td>nor</td><td>P3</td><td>Wind</td><td>gmt-oaw-inbox@eclipse.org</td><td>RESO</td><td>FIXE</td><td>Test3</td></tr><tr><td><a href="https://bugs.eclipse.org/bugs/show_bug.cgi?id=128852">128852</a></td><td>cri</td><td>P3</td><td>Wind</td><td>gmt-oaw-inbox@eclipse.org</td><td>RESO</td><td>FIXE</td><td>"unnecessary cast" and collection types</td></tr><tr><td><a href="https://bugs.eclipse.org/bugs/show_bug.cgi?id=128853">128853</a></td><td>nor</td><td>P3</td><td>Wind</td><td>gmt-oaw-inbox@eclipse.org</td><td>RESO</td><td>FIXE</td><td>EcoreUtil2.getEPackage() can not load resource from jar</td></tr><tr><td><a href="https://bugs.eclipse.org/bugs/show_bug.cgi?id=128857">128857</a></td><td>nor</td><td>P3</td><td>Wind</td><td>gmt-oaw-inbox@eclipse.org</td><td>RESO</td><td>FIXE</td><td>[extend / check] single line comments</td></tr><tr><td><a href="https://bugs.eclipse.org/bugs/show_bug.cgi?id=128870">128870</a></td><td>nor</td><td>P3</td><td>Wind</td><td>gmt-oaw-inbox@eclipse.org</td><td>RESO</td><td>FIXE</td><td>[Xpand2]  genmodel::GenEnum.ecoreEnum is of type Object</td></tr><tr><td><a href="https://bugs.eclipse.org/bugs/show_bug.cgi?id=128871">128871</a></td><td>nor</td><td>P3</td><td>Wind</td><td>gmt-oaw-inbox@eclipse.org</td><td>RESO</td><td>FIXE</td><td>[RC2 - expressions] NPE in AbstractTypImpl.getAllFeatures</td></tr><tr><td><a href="https://bugs.eclipse.org/bugs/show_bug.cgi?id=128902">128902</a></td><td>nor</td><td>P3</td><td>Wind</td><td>gmt-atl-inbox@eclipse.org</td><td>RESO</td><td>FIXE</td><td>Several links are broken in ATL Transformations list page</td></tr><tr><td><a href="https://bugs.eclipse.org/bugs/show_bug.cgi?id=128989">128989</a></td><td>nor</td><td>P3</td><td>Wind</td><td>gmt-atl-inbox@eclipse.org</td><td>NEW</td><td></td><td>Finish version 0.7 of ATL User Manual</td></tr><tr><td><a href="https://bugs.eclipse.org/bugs/show_bug.cgi?id=129404">129404</a></td><td>nor</td><td>P3</td><td>Wind</td><td>gmt-oaw-inbox@eclipse.org</td><td>RESO</td><td>FIXE</td><td>[workflow] improve error handling</td></tr><tr><td><a href="https://bugs.eclipse.org/bugs/show_bug.cgi?id=129405">129405</a></td><td>nor</td><td>P3</td><td>Wind</td><td>gmt-oaw-inbox@eclipse.org</td><td>RESO</td><td>FIXE</td><td>[workflow-plugin] FEATURE: refresh project after workflow...</td></tr><tr><td><a href="https://bugs.eclipse.org/bugs/show_bug.cgi?id=129406">129406</a></td><td>nor</td><td>P3</td><td>Wind</td><td>gmt-oaw-inbox@eclipse.org</td><td>RESO</td><td>FIXE</td><td>[editor plugins] incorrect indentation on tab/shift</td></tr><tr><td><a href="https://bugs.eclipse.org/bugs/show_bug.cgi?id=129414">129414</a></td><td>nor</td><td>P3</td><td>Wind</td><td>gmt-oaw-inbox@eclipse.org</td><td>RESO</td><td>FIXE</td><td>[workflow] cartridge file not found: reasonable error mes...</td></tr><tr><td><a href="https://bugs.eclipse.org/bugs/show_bug.cgi?id=129415">129415</a></td><td>nor</td><td>P3</td><td>Wind</td><td>gmt-oaw-inbox@eclipse.org</td><td>RESO</td><td>FIXE</td><td>[recipe] Background loading</td></tr><tr><td><a href="https://bugs.eclipse.org/bugs/show_bug.cgi?id=129429">129429</a></td><td>enh</td><td>P3</td><td>Wind</td><td>gmt-oaw-inbox@eclipse.org</td><td>RESO</td><td>FIXE</td><td>[workflow] org.openarchitectureware im Workflow</td></tr><tr><td><a href="https://bugs.eclipse.org/bugs/show_bug.cgi?id=129430">129430</a></td><td>nor</td><td>P3</td><td>Wind</td><td>gmt-oaw-inbox@eclipse.org</td><td>RESO</td><td>INVA</td><td>[workflow] component fragments for AOP</td></tr><tr><td><a href="https://bugs.eclipse.org/bugs/show_bug.cgi?id=129431">129431</a></td><td>enh</td><td>P3</td><td>Wind</td><td>gmt-oaw-inbox@eclipse.org</td><td>RESO</td><td>FIXE</td><td>[workflow] component fragments for AOP</td></tr><tr><td><a href="https://bugs.eclipse.org/bugs/show_bug.cgi?id=129432">129432</a></td><td>enh</td><td>P3</td><td>Wind</td><td>gmt-oaw-inbox@eclipse.org</td><td>RESO</td><td>INVA</td><td>component fragments for AOP</td></tr><tr><td><a href="https://bugs.eclipse.org/bugs/show_bug.cgi?id=129433">129433</a></td><td>enh</td><td>P3</td><td>Wind</td><td>gmt-oaw-inbox@eclipse.org</td><td>NEW</td><td></td><td>[examples] More than one model, metamodel</td></tr><tr><td><a href="https://bugs.eclipse.org/bugs/show_bug.cgi?id=129434">129434</a></td><td>enh</td><td>P3</td><td>Wind</td><td>gmt-oaw-inbox@eclipse.org</td><td>RESO</td><td>FIXE</td><td>[wombat] Workflow Component umstellen auf Complex Params</td></tr><tr><td><a href="https://bugs.eclipse.org/bugs/show_bug.cgi?id=129435">129435</a></td><td>enh</td><td>P3</td><td>Wind</td><td>gmt-oaw-inbox@eclipse.org</td><td>RESO</td><td>FIXE</td><td>[wombat] load script from classpath</td></tr><tr><td><a href="https://bugs.eclipse.org/bugs/show_bug.cgi?id=129436">129436</a></td><td>enh</td><td>P3</td><td>Wind</td><td>gmt-oaw-inbox@eclipse.org</td><td>RESO</td><td>WONT</td><td>[ocl adapter] move constraints to file</td></tr><tr><td><a href="https://bugs.eclipse.org/bugs/show_bug.cgi?id=129437">129437</a></td><td>enh</td><td>P3</td><td>Wind</td><td>gmt-oaw-inbox@eclipse.org</td><td>RESO</td><td>WONT</td><td>[ocl adapter] OSLO</td></tr><tr><td><a href="https://bugs.eclipse.org/bugs/show_bug.cgi?id=129438">129438</a></td><td>enh</td><td>P3</td><td>Wind</td><td>gmt-oaw-inbox@eclipse.org</td><td>NEW</td><td></td><td>[examples] EMF Example: Name-Uniqueness constraint dokume...</td></tr><tr><td><a href="https://bugs.eclipse.org/bugs/show_bug.cgi?id=129439">129439</a></td><td>enh</td><td>P3</td><td>Wind</td><td>gmt-oaw-inbox@eclipse.org</td><td>NEW</td><td></td><td>[core-plugins] Outlines for Editors</td></tr><tr><td><a href="https://bugs.eclipse.org/bugs/show_bug.cgi?id=129440">129440</a></td><td>enh</td><td>P3</td><td>Wind</td><td>gmt-oaw-inbox@eclipse.org</td><td>NEW</td><td></td><td>[xpand-plugin] Ctrl-Blank support for other templates wou...</td></tr><tr><td><a href="https://bugs.eclipse.org/bugs/show_bug.cgi?id=129441">129441</a></td><td>enh</td><td>P3</td><td>Wind</td><td>gmt-oaw-inbox@eclipse.org</td><td>RESO</td><td>FIXE</td><td>[extension] JAVA extension classes should be cached objec...</td></tr><tr><td><a href="https://bugs.eclipse.org/bugs/show_bug.cgi?id=129442">129442</a></td><td>enh</td><td>P3</td><td>Wind</td><td>gmt-oaw-inbox@eclipse.org</td><td>RESO</td><td>FIXE</td><td>[xpand] NONL support</td></tr><tr><td><a href="https://bugs.eclipse.org/bugs/show_bug.cgi?id=129443">129443</a></td><td>enh</td><td>P3</td><td>Wind</td><td>gmt-oaw-inbox@eclipse.org</td><td>NEW</td><td></td><td>Ctrl-Shift-G Support Templates, Metaclas...</td></tr><tr><td><a href="https://bugs.eclipse.org/bugs/show_bug.cgi?id=129444">129444</a></td><td>enh</td><td>P3</td><td>Wind</td><td>gmt-oaw-inbox@eclipse.org</td><td>RESO</td><td>FIXE</td><td>[general] Can we add a small icon to the project if it ha...</td></tr><tr><td><a href="https://bugs.eclipse.org/bugs/show_bug.cgi?id=129445">129445</a></td><td>enh</td><td>P3</td><td>Wind</td><td>gmt-oaw-inbox@eclipse.org</td><td>NEW</td><td></td><td>[editors] Automatic Code Completion</td></tr><tr><td><a href="https://bugs.eclipse.org/bugs/show_bug.cgi?id=129446">129446</a></td><td>enh</td><td>P3</td><td>Wind</td><td>gmt-oaw-inbox@eclipse.org</td><td>NEW</td><td></td><td>[workflow] Condition Execution</td></tr><tr><td><a href="https://bugs.eclipse.org/bugs/show_bug.cgi?id=129465">129465</a></td><td>nor</td><td>P3</td><td>Wind</td><td>gmt-oaw-inbox@eclipse.org</td><td>NEW</td><td></td><td>[workflow] Error Messages in embedded Expressions</td></tr><tr><td><a href="https://bugs.eclipse.org/bugs/show_bug.cgi?id=129849">129849</a></td><td>enh</td><td>P3</td><td>Wind</td><td>gmt-oaw-inbox@eclipse.org</td><td>RESO</td><td>WONT</td><td>[checks] Extemsions in Checks</td></tr><tr><td><a href="https://bugs.eclipse.org/bugs/show_bug.cgi?id=130302">130302</a></td><td>enh</td><td>P3</td><td>Wind</td><td>gmt-oaw-inbox@eclipse.org</td><td>RESO</td><td>FIXE</td><td>Configurable File Extensions for Beautifiers</td></tr><tr><td><a href="https://bugs.eclipse.org/bugs/show_bug.cgi?id=130366">130366</a></td><td>nor</td><td>P3</td><td>Wind</td><td>gmt-oaw-inbox@eclipse.org</td><td>RESO</td><td>FIXE</td><td>[docs] Workflow Reference: Task Definition Workflow A...</td></tr><tr><td><a href="https://bugs.eclipse.org/bugs/show_bug.cgi?id=130367">130367</a></td><td>enh</td><td>P3</td><td>Wind</td><td>gmt-oaw-inbox@eclipse.org</td><td>RESO</td><td>WONT</td><td>[xpand] Default Evaluation toString()</td></tr><tr><td><a href="https://bugs.eclipse.org/bugs/show_bug.cgi?id=130368">130368</a></td><td>nor</td><td>P3</td><td>Wind</td><td>gmt-oaw-inbox@eclipse.org</td><td>RESO</td><td>FIXE</td><td>[docs] Migration Docs Name/toString difference</td></tr><tr><td><a href="https://bugs.eclipse.org/bugs/show_bug.cgi?id=130430">130430</a></td><td>enh</td><td>P3</td><td>Wind</td><td>gmt-oaw-inbox@eclipse.org</td><td>RESO</td><td>WONT</td><td>[xpand] Error Handling: a nicer error message might be go...</td></tr><tr><td><a href="https://bugs.eclipse.org/bugs/show_bug.cgi?id=130438">130438</a></td><td>enh</td><td>P3</td><td>Wind</td><td>gmt-oaw-inbox@eclipse.org</td><td>NEW</td><td></td><td>[recipe] Document Bernd's new Recipes</td></tr><tr><td><a href="https://bugs.eclipse.org/bugs/show_bug.cgi?id=130474">130474</a></td><td>nor</td><td>P3</td><td>Wind</td><td>freddy.allilaire@univ-nante...</td><td>RESO</td><td>FIXE</td><td>Metamodel UMLDI.km3 in AtlanticZoo has compilation errors</td></tr><tr><td><a href="https://bugs.eclipse.org/bugs/show_bug.cgi?id=130475">130475</a></td><td>nor</td><td>P3</td><td>Wind</td><td>freddy.allilaire@univ-nante...</td><td>RESO</td><td>FIXE</td><td>Metamodel XHTML.km3 in AtlanticZoo has compilation errors</td></tr><tr><td><a href="https://bugs.eclipse.org/bugs/show_bug.cgi?id=130476">130476</a></td><td>nor</td><td>P3</td><td>Wind</td><td>freddy.allilaire@univ-nante...</td><td>RESO</td><td>FIXE</td><td>Metamodel SVG.km3 in AtlanticZoo has compilation errors</td></tr><tr><td><a href="https://bugs.eclipse.org/bugs/show_bug.cgi?id=130477">130477</a></td><td>nor</td><td>P3</td><td>Wind</td><td>freddy.allilaire@univ-nante...</td><td>RESO</td><td>FIXE</td><td>Metamodel SDM.km3 in AtlanticZoo has compilation errors</td></tr><tr><td><a href="https://bugs.eclipse.org/bugs/show_bug.cgi?id=130478">130478</a></td><td>nor</td><td>P3</td><td>Wind</td><td>freddy.allilaire@univ-nante...</td><td>RESO</td><td>FIXE</td><td>Metamodel MSOfficeExcel_SpreadsheetMLPrintingSetup.km3 ha...</td></tr><tr><td><a href="https://bugs.eclipse.org/bugs/show_bug.cgi?id=130479">130479</a></td><td>nor</td><td>P3</td><td>Wind</td><td>freddy.allilaire@univ-nante...</td><td>RESO</td><td>FIXE</td><td>Metamodel MavenMaven.km3 has compilation errors</td></tr><tr><td><a href="https://bugs.eclipse.org/bugs/show_bug.cgi?id=130480">130480</a></td><td>nor</td><td>P3</td><td>Wind</td><td>freddy.allilaire@univ-nante...</td><td>RESO</td><td>FIXE</td><td>Metamodel JAVA3.km3 has compilation errors</td></tr><tr><td><a href="https://bugs.eclipse.org/bugs/show_bug.cgi?id=130481">130481</a></td><td>nor</td><td>P3</td><td>Wind</td><td>freddy.allilaire@univ-nante...</td><td>RESO</td><td>FIXE</td><td>Metamodel Java-20040316.km3 has compilation errors</td></tr><tr><td><a href="https://bugs.eclipse.org/bugs/show_bug.cgi?id=130482">130482</a></td><td>nor</td><td>P3</td><td>Wind</td><td>freddy.allilaire@univ-nante...</td><td>RESO</td><td>FIXE</td><td>Metamodel GeoTrans.km3 has compilation errors</td></tr><tr><td><a href="https://bugs.eclipse.org/bugs/show_bug.cgi?id=130483">130483</a></td><td>nor</td><td>P3</td><td>Wind</td><td>freddy.allilaire@univ-nante...</td><td>RESO</td><td>FIXE</td><td>Metamodel DOT.km3 has compilation errors</td></tr><tr><td><a href="https://bugs.eclipse.org/bugs/show_bug.cgi?id=130484">130484</a></td><td>nor</td><td>P3</td><td>Wind</td><td>freddy.allilaire@univ-nante...</td><td>RESO</td><td>FIXE</td><td>Metamodel DiagramInterchange.km3 has compilation errors</td></tr><tr><td><a href="https://bugs.eclipse.org/bugs/show_bug.cgi?id=130485">130485</a></td><td>nor</td><td>P3</td><td>Wind</td><td>freddy.allilaire@univ-nante...</td><td>RESO</td><td>FIXE</td><td>Metamodel Ant.km3 has compilation errors</td></tr><tr><td><a href="https://bugs.eclipse.org/bugs/show_bug.cgi?id=130784">130784</a></td><td>min</td><td>P3</td><td>Wind</td><td>gmt-oaw-inbox@eclipse.org</td><td>NEW</td><td></td><td>[emf] capital first letter of metamodel package</td></tr><tr><td><a href="https://bugs.eclipse.org/bugs/show_bug.cgi?id=130786">130786</a></td><td>nor</td><td>P3</td><td>Wind</td><td>karsten.thoms@openarchitect...</td><td>RESO</td><td>WORK</td><td>[xpand] ctrl-blank and namespaces</td></tr><tr><td><a href="https://bugs.eclipse.org/bugs/show_bug.cgi?id=130787">130787</a></td><td>nor</td><td>P3</td><td>Wind</td><td>gmt-oaw-inbox@eclipse.org</td><td>RESO</td><td>FIXE</td><td>[poseidon-adapter] version 4 &amp; tagged values</td></tr><tr><td><a href="https://bugs.eclipse.org/bugs/show_bug.cgi?id=130865">130865</a></td><td>nor</td><td>P3</td><td>Wind</td><td>gmt-oaw-inbox@eclipse.org</td><td>RESO</td><td>FIXE</td><td>[wombat] 'String' name can not be used as a metamodel ele...</td></tr><tr><td><a href="https://bugs.eclipse.org/bugs/show_bug.cgi?id=130866">130866</a></td><td>nor</td><td>P3</td><td>Wind</td><td>gmt-oaw-inbox@eclipse.org</td><td>RESO</td><td>WONT</td><td>[editors] Setting Dirty in Editors</td></tr><tr><td><a href="https://bugs.eclipse.org/bugs/show_bug.cgi?id=130872">130872</a></td><td>nor</td><td>P3</td><td>Wind</td><td>gmt-oaw-inbox@eclipse.org</td><td>RESO</td><td>FIXE</td><td>[xpand]: Error Message when parsing Templates</td></tr><tr><td><a href="https://bugs.eclipse.org/bugs/show_bug.cgi?id=130879">130879</a></td><td>nor</td><td>P3</td><td>Wind</td><td>gmt-oaw-inbox@eclipse.org</td><td>RESO</td><td>FIXE</td><td>[classic] Dump not Written in case of Errors</td></tr><tr><td><a href="https://bugs.eclipse.org/bugs/show_bug.cgi?id=131342">131342</a></td><td>nor</td><td>P3</td><td>Wind</td><td>gmt-oaw-inbox@eclipse.org</td><td>RESO</td><td>FIXE</td><td>[recipe] NPE on evaluate action</td></tr><tr><td><a href="https://bugs.eclipse.org/bugs/show_bug.cgi?id=131792">131792</a></td><td>nor</td><td>P3</td><td>Wind</td><td>gmt-oaw-inbox@eclipse.org</td><td>RESO</td><td>FIXE</td><td>[builder] Errors reported by builder after Eclipse start</td></tr><tr><td><a href="https://bugs.eclipse.org/bugs/show_bug.cgi?id=132049">132049</a></td><td>nor</td><td>P3</td><td>Wind</td><td>freddy.allilaire@univ-nante...</td><td>RESO</td><td>FIXE</td><td>Add TCS syntax highlighting</td></tr><tr><td><a href="https://bugs.eclipse.org/bugs/show_bug.cgi?id=132547">132547</a></td><td>nor</td><td>P3</td><td>Linu</td><td>gmt-oaw-inbox@eclipse.org</td><td>CLOS</td><td>FIXE</td><td>[xpand-plugin] Parser issues using EMF metamodel for UML2</td></tr><tr><td><a href="https://bugs.eclipse.org/bugs/show_bug.cgi?id=132672">132672</a></td><td>tri</td><td>P3</td><td>Wind</td><td>gmt-oaw-inbox@eclipse.org</td><td>RESO</td><td>FIXE</td><td>[workflow] Workflow produces logfile</td></tr><tr><td><a href="https://bugs.eclipse.org/bugs/show_bug.cgi?id=132673">132673</a></td><td>enh</td><td>P3</td><td>Linu</td><td>gmt-oaw-inbox@eclipse.org</td><td>CLOS</td><td>FIXE</td><td>[xpand] Performance enhancement for ResourceManager</td></tr><tr><td><a href="https://bugs.eclipse.org/bugs/show_bug.cgi?id=132742">132742</a></td><td>nor</td><td>P3</td><td>Wind</td><td>gmt-oaw-inbox@eclipse.org</td><td>RESO</td><td>FIXE</td><td>[umlmetamodel] Namespace must extend Element</td></tr><tr><td><a href="https://bugs.eclipse.org/bugs/show_bug.cgi?id=133002">133002</a></td><td>nor</td><td>P3</td><td>Wind</td><td>gmt-atl-inbox@eclipse.org</td><td>NEW</td><td></td><td>Resources should be taken out of resource set</td></tr><tr><td><a href="https://bugs.eclipse.org/bugs/show_bug.cgi?id=133104">133104</a></td><td>nor</td><td>P3</td><td>Wind</td><td>gmt-oaw-inbox@eclipse.org</td><td>RESO</td><td>FIXE</td><td>[builder] Only .xpt files should be scanned</td></tr><tr><td><a href="https://bugs.eclipse.org/bugs/show_bug.cgi?id=133105">133105</a></td><td>maj</td><td>P3</td><td>Wind</td><td>gmt-oaw-inbox@eclipse.org</td><td>VERI</td><td>FIXE</td><td>[builder] Extension files from other projects not found</td></tr><tr><td><a href="https://bugs.eclipse.org/bugs/show_bug.cgi?id=133404">133404</a></td><td>enh</td><td>P3</td><td>Wind</td><td>gmt-oaw-inbox@eclipse.org</td><td>NEW</td><td></td><td>[expressions] use of parentheses in case of extension</td></tr><tr><td><a href="https://bugs.eclipse.org/bugs/show_bug.cgi?id=133405">133405</a></td><td>nor</td><td>P3</td><td>Wind</td><td>gmt-oaw-inbox@eclipse.org</td><td>RESO</td><td>FIXE</td><td>[checks] import does not completely work</td></tr><tr><td><a href="https://bugs.eclipse.org/bugs/show_bug.cgi?id=133417">133417</a></td><td>nor</td><td>P3</td><td>Wind</td><td>gmt-oaw-inbox@eclipse.org</td><td>NEW</td><td></td><td>[plugins] strange rebuild behaviour</td></tr><tr><td><a href="https://bugs.eclipse.org/bugs/show_bug.cgi?id=133418">133418</a></td><td>enh</td><td>P3</td><td>Wind</td><td>gmt-oaw-inbox@eclipse.org</td><td>RESO</td><td>FIXE</td><td>[plugins] error as tooltips on the markers</td></tr><tr><td><a href="https://bugs.eclipse.org/bugs/show_bug.cgi?id=133419">133419</a></td><td>nor</td><td>P3</td><td>Wind</td><td>gmt-oaw-inbox@eclipse.org</td><td>RESO</td><td>FIXE</td><td>[classic.dump] automatic refresh</td></tr><tr><td><a href="https://bugs.eclipse.org/bugs/show_bug.cgi?id=133625">133625</a></td><td>enh</td><td>P3</td><td>Wind</td><td>gmt-oaw-inbox@eclipse.org</td><td>RESO</td><td>FIXE</td><td>[workflow] cartridge call with "inheritAll"</td></tr><tr><td><a href="https://bugs.eclipse.org/bugs/show_bug.cgi?id=133627">133627</a></td><td>enh</td><td>P3</td><td>Wind</td><td>gmt-oaw-inbox@eclipse.org</td><td>NEW</td><td></td><td>[constraints] error messages with more context</td></tr><tr><td><a href="https://bugs.eclipse.org/bugs/show_bug.cgi?id=133628">133628</a></td><td>enh</td><td>P3</td><td>Wind</td><td>gmt-oaw-inbox@eclipse.org</td><td>RESO</td><td>FIXE</td><td>[expression] flatten required</td></tr><tr><td><a href="https://bugs.eclipse.org/bugs/show_bug.cgi?id=133629">133629</a></td><td>enh</td><td>P3</td><td>Wind</td><td>gmt-oaw-inbox@eclipse.org</td><td>RESO</td><td>FIXE</td><td>[plugins] New View</td></tr><tr><td><a href="https://bugs.eclipse.org/bugs/show_bug.cgi?id=133630">133630</a></td><td>nor</td><td>P3</td><td>Wind</td><td>gmt-oaw-inbox@eclipse.org</td><td>RESO</td><td>FIXE</td><td>[classic.dump] find by (quali) name does not work</td></tr><tr><td><a href="https://bugs.eclipse.org/bugs/show_bug.cgi?id=133633">133633</a></td><td>enh</td><td>P3</td><td>Wind</td><td>gmt-oaw-inbox@eclipse.org</td><td>NEW</td><td></td><td>[xpand] "lazy regions"</td></tr><tr><td><a href="https://bugs.eclipse.org/bugs/show_bug.cgi?id=134039">134039</a></td><td>maj</td><td>P3</td><td>Wind</td><td>gmt-oaw-inbox@eclipse.org</td><td>RESO</td><td>INVA</td><td>[expressions] Error Resolving Properties</td></tr><tr><td><a href="https://bugs.eclipse.org/bugs/show_bug.cgi?id=134043">134043</a></td><td>nor</td><td>P3</td><td>Wind</td><td>gmt-oaw-inbox@eclipse.org</td><td>RESO</td><td>FIXE</td><td>[extend] REeturn Types Problem</td></tr><tr><td><a href="https://bugs.eclipse.org/bugs/show_bug.cgi?id=134045">134045</a></td><td>nor</td><td>P3</td><td>Wind</td><td>gmt-oaw-inbox@eclipse.org</td><td>RESO</td><td>FIXE</td><td>[docs] asSet</td></tr><tr><td><a href="https://bugs.eclipse.org/bugs/show_bug.cgi?id=134490">134490</a></td><td>enh</td><td>P3</td><td>Wind</td><td>gmt-oaw-inbox@eclipse.org</td><td>NEW</td><td></td><td>Integration of astyle or other beautifiers</td></tr><tr><td><a href="https://bugs.eclipse.org/bugs/show_bug.cgi?id=134626">134626</a></td><td>nor</td><td>P3</td><td>Wind</td><td>gmt-oaw-inbox@eclipse.org</td><td>REOP</td><td></td><td>[xtend error messages report wrong problem</td></tr><tr><td><a href="https://bugs.eclipse.org/bugs/show_bug.cgi?id=134683">134683</a></td><td>nor</td><td>P3</td><td>Wind</td><td>gmt-atl-inbox@eclipse.org</td><td>RESO</td><td>FIXE</td><td>Problem during ATL compilation process with Eclipse 3.0</td></tr><tr><td><a href="https://bugs.eclipse.org/bugs/show_bug.cgi?id=135699">135699</a></td><td>nor</td><td>P3</td><td>Wind</td><td>frederic.jouault@univ-nante...</td><td>RESO</td><td>FIXE</td><td>EMF enum Literals doesn't return the implenting instance</td></tr><tr><td><a href="https://bugs.eclipse.org/bugs/show_bug.cgi?id=136107">136107</a></td><td>nor</td><td>P3</td><td>Wind</td><td>gmt-atl-inbox@eclipse.org</td><td>NEW</td><td></td><td>Model path names are saved in alphabetic order and if the...</td></tr><tr><td><a href="https://bugs.eclipse.org/bugs/show_bug.cgi?id=136109">136109</a></td><td>nor</td><td>P3</td><td>Wind</td><td>gmt-atl-inbox@eclipse.org</td><td>NEW</td><td></td><td>Refactoring operation doesn't work in ATL Outline View</td></tr><tr><td><a href="https://bugs.eclipse.org/bugs/show_bug.cgi?id=136160">136160</a></td><td>enh</td><td>P3</td><td>Wind</td><td>gmt-oaw-inbox@eclipse.org</td><td>RESO</td><td>FIXE</td><td>[expression] notExists</td></tr><tr><td><a href="https://bugs.eclipse.org/bugs/show_bug.cgi?id=136162">136162</a></td><td>enh</td><td>P3</td><td>Wind</td><td>gmt-oaw-inbox@eclipse.org</td><td>RESO</td><td>FIXE</td><td>[expression] new collections operation: contains</td></tr><tr><td><a href="https://bugs.eclipse.org/bugs/show_bug.cgi?id=136454">136454</a></td><td>nor</td><td>P3</td><td>Wind</td><td>gmt-oaw-inbox@eclipse.org</td><td>NEW</td><td></td><td>[expression] chain expression and extensions</td></tr><tr><td><a href="https://bugs.eclipse.org/bugs/show_bug.cgi?id=136590">136590</a></td><td>enh</td><td>P3</td><td>Wind</td><td>gmt-oaw-inbox@eclipse.org</td><td>NEW</td><td></td><td>Proxies</td></tr><tr><td><a href="https://bugs.eclipse.org/bugs/show_bug.cgi?id=136822">136822</a></td><td>maj</td><td>P3</td><td>Mac </td><td>gmt-atl-inbox@eclipse.org</td><td>NEW</td><td></td><td>ATL should register a file association mapping for *.asm ...</td></tr><tr><td><a href="https://bugs.eclipse.org/bugs/show_bug.cgi?id=136827">136827</a></td><td>nor</td><td>P3</td><td>Mac </td><td>frederic.jouault@univ-nante...</td><td>RESO</td><td>FIXE</td><td>KM3 EnumLiteral objects need a *unique* value when mapped...</td></tr><tr><td><a href="https://bugs.eclipse.org/bugs/show_bug.cgi?id=137220">137220</a></td><td>nor</td><td>P3</td><td>Wind</td><td>gmt-oaw-inbox@eclipse.org</td><td>RESO</td><td>FIXE</td><td>ListTypeImpl: field parsing fails with EvaluationException</td></tr><tr><td><a href="https://bugs.eclipse.org/bugs/show_bug.cgi?id=137531">137531</a></td><td>enh</td><td>P3</td><td>Wind</td><td>gmt-oaw-inbox@eclipse.org</td><td>RESO</td><td>FIXE</td><td>[plugins] new wizards for creating file types</td></tr><tr><td><a href="https://bugs.eclipse.org/bugs/show_bug.cgi?id=137532">137532</a></td><td>nor</td><td>P3</td><td>Wind</td><td>gmt-oaw-inbox@eclipse.org</td><td>RESO</td><td>FIXE</td><td>[xtend] strange error message when invoking xtend from wf</td></tr><tr><td><a href="https://bugs.eclipse.org/bugs/show_bug.cgi?id=137533">137533</a></td><td>enh</td><td>P3</td><td>Wind</td><td>gmt-oaw-inbox@eclipse.org</td><td>NEW</td><td></td><td>[emf] auto-regenerate by ant</td></tr><tr><td><a href="https://bugs.eclipse.org/bugs/show_bug.cgi?id=138350">138350</a></td><td>enh</td><td>P3</td><td>Wind</td><td>gmt-oaw-inbox@eclipse.org</td><td>RESO</td><td>FIXE</td><td>[check] Multiple Check Files</td></tr><tr><td><a href="https://bugs.eclipse.org/bugs/show_bug.cgi?id=138878">138878</a></td><td>enh</td><td>P3</td><td>Wind</td><td>gmt-oaw-inbox@eclipse.org</td><td>RESO</td><td>FIXE</td><td>[xtend] Convenience Methods in XtendFacade</td></tr><tr><td><a href="https://bugs.eclipse.org/bugs/show_bug.cgi?id=139055">139055</a></td><td>nor</td><td>P3</td><td>Wind</td><td>gmt-atl-inbox@eclipse.org</td><td>RESO</td><td>FIXE</td><td>Ecore metamodel to KM3 subpackages issue.</td></tr><tr><td><a href="https://bugs.eclipse.org/bugs/show_bug.cgi?id=139424">139424</a></td><td>nor</td><td>P3</td><td>Linu</td><td>gmt-atl-inbox@eclipse.org</td><td>NEW</td><td></td><td>Large errors cause eclipse to freeze</td></tr><tr><td><a href="https://bugs.eclipse.org/bugs/show_bug.cgi?id=139432">139432</a></td><td>enh</td><td>P3</td><td>Wind</td><td>gmt-oaw-inbox@eclipse.org</td><td>RESO</td><td>DUPL</td><td>Multible files in CheckComponent</td></tr><tr><td><a href="https://bugs.eclipse.org/bugs/show_bug.cgi?id=140546">140546</a></td><td>nor</td><td>P3</td><td>Linu</td><td>gmt-atl-inbox@eclipse.org</td><td>ASSI</td><td></td><td>EMF4ATL does not support meta-models spread over several ...</td></tr><tr><td><a href="https://bugs.eclipse.org/bugs/show_bug.cgi?id=141062">141062</a></td><td>nor</td><td>P3</td><td>Wind</td><td>freddy.allilaire@univ-nante...</td><td>RESO</td><td>FIXE</td><td>MSProject.km3 bug DataType Date does not exist</td></tr><tr><td><a href="https://bugs.eclipse.org/bugs/show_bug.cgi?id=141068">141068</a></td><td>nor</td><td>P3</td><td>Linu</td><td>gmt-atl-inbox@eclipse.org</td><td>RESO</td><td>FIXE</td><td>AtlModelHandler.getDefault("MDR") throws NullPointerExcep...</td></tr><tr><td><a href="https://bugs.eclipse.org/bugs/show_bug.cgi?id=141274">141274</a></td><td>nor</td><td>P3</td><td>All</td><td>gmt-atl-inbox@eclipse.org</td><td>NEW</td><td></td><td>Metamodel-instances messed up in ASMEMFModel</td></tr><tr><td><a href="https://bugs.eclipse.org/bugs/show_bug.cgi?id=141278">141278</a></td><td>nor</td><td>P3</td><td>Wind</td><td>gmt-oaw-inbox@eclipse.org</td><td>RESO</td><td>FIXE</td><td>[builder] "Phantom errors" reported because of NullPointer</td></tr><tr><td><a href="https://bugs.eclipse.org/bugs/show_bug.cgi?id=141461">141461</a></td><td>nor</td><td>P3</td><td>Linu</td><td>freddy.allilaire@univ-nante...</td><td>RESO</td><td>WORK</td><td>AM3 Ant tasks need to implement the "setProject(..)" method</td></tr><tr><td><a href="https://bugs.eclipse.org/bugs/show_bug.cgi?id=141473">141473</a></td><td>maj</td><td>P3</td><td>All</td><td>gmt-atl-inbox@eclipse.org</td><td>NEW</td><td></td><td>Missing ASMEMFModelElement#hashCode() causes failures in ...</td></tr><tr><td><a href="https://bugs.eclipse.org/bugs/show_bug.cgi?id=141533">141533</a></td><td>nor</td><td>P3</td><td>Wind</td><td>freddy.allilaire@univ-nante...</td><td>RESO</td><td>INVA</td><td>Add IEEE1471 Metamodel</td></tr><tr><td><a href="https://bugs.eclipse.org/bugs/show_bug.cgi?id=141662">141662</a></td><td>nor</td><td>P3</td><td>Wind</td><td>karsten.thoms@openarchitect...</td><td>RESO</td><td>FIXE</td><td>[editors] Blank after Ctrl-Space</td></tr><tr><td><a href="https://bugs.eclipse.org/bugs/show_bug.cgi?id=141663">141663</a></td><td>nor</td><td>P3</td><td>Wind</td><td>gmt-oaw-inbox@eclipse.org</td><td>RESO</td><td>FIXE</td><td>[xpand editor] Iterator Code Completion</td></tr><tr><td><a href="https://bugs.eclipse.org/bugs/show_bug.cgi?id=141664">141664</a></td><td>nor</td><td>P3</td><td>Wind</td><td>gmt-oaw-inbox@eclipse.org</td><td>RESO</td><td>FIXE</td><td>[xpand editor] &lt;&lt;-&gt;&gt; does not work</td></tr><tr><td><a href="https://bugs.eclipse.org/bugs/show_bug.cgi?id=141665">141665</a></td><td>nor</td><td>P3</td><td>Wind</td><td>gmt-oaw-inbox@eclipse.org</td><td>RESO</td><td>FIXE</td><td>[xpand editor] more -&gt;&gt; problems</td></tr><tr><td><a href="https://bugs.eclipse.org/bugs/show_bug.cgi?id=141666">141666</a></td><td>nor</td><td>P3</td><td>Wind</td><td>karsten.thoms@openarchitect...</td><td>RESO</td><td>WORK</td><td>[editors] code completion unintuitivity</td></tr><tr><td><a href="https://bugs.eclipse.org/bugs/show_bug.cgi?id=141698">141698</a></td><td>nor</td><td>P3</td><td>Mac </td><td>freddy.allilaire@univ-nante...</td><td>REOP</td><td></td><td>ATL + AM3 configuration patches for Eclipse 3.1 =&gt; 3.2</td></tr><tr><td><a href="https://bugs.eclipse.org/bugs/show_bug.cgi?id=141758">141758</a></td><td>nor</td><td>P3</td><td>Linu</td><td>gmt-atl-inbox@eclipse.org</td><td>ASSI</td><td></td><td>MDR4ATL from CVS does not support fully qualified meta-cl...</td></tr><tr><td><a href="https://bugs.eclipse.org/bugs/show_bug.cgi?id=142163">142163</a></td><td>enh</td><td>P3</td><td>Wind</td><td>gmt-oaw-inbox@eclipse.org</td><td>RESO</td><td>FIXE</td><td>[extensions] contribute the IO library for extensions</td></tr><tr><td><a href="https://bugs.eclipse.org/bugs/show_bug.cgi?id=142186">142186</a></td><td>enh</td><td>P3</td><td>Wind</td><td>gmt-oaw-inbox@eclipse.org</td><td>RESO</td><td>FIXE</td><td>[check] Simpler Specification of the Expression</td></tr><tr><td><a href="https://bugs.eclipse.org/bugs/show_bug.cgi?id=142187">142187</a></td><td>nor</td><td>P3</td><td>Wind</td><td>gmt-oaw-inbox@eclipse.org</td><td>CLOS</td><td>FIXE</td><td>FIXED [xtend] Namespace Delimiter Wrong</td></tr><tr><td><a href="https://bugs.eclipse.org/bugs/show_bug.cgi?id=142489">142489</a></td><td>nor</td><td>P3</td><td>Wind</td><td>freddy.allilaire@univ-nante...</td><td>RESO</td><td>FIXE</td><td>Adding of two new metamodels for ADM KDM (OMG RFP)</td></tr><tr><td><a href="https://bugs.eclipse.org/bugs/show_bug.cgi?id=142920">142920</a></td><td>maj</td><td>P3</td><td>Wind</td><td>gmt-oaw-inbox@eclipse.org</td><td>RESO</td><td>FIXE</td><td>OAW Plugins 4.1 : RUN AS doesn't work any more</td></tr><tr><td><a href="https://bugs.eclipse.org/bugs/show_bug.cgi?id=143163">143163</a></td><td>nor</td><td>P3</td><td>Wind</td><td>gmt-oaw-inbox@eclipse.org</td><td>RESO</td><td>WORK</td><td>[recipe] ClassNotFoundException for org.eclipse.ui.editor...</td></tr><tr><td><a href="https://bugs.eclipse.org/bugs/show_bug.cgi?id=143215">143215</a></td><td>nor</td><td>P3</td><td>Linu</td><td>gmt-atl-inbox@eclipse.org</td><td>ASSI</td><td></td><td>UML2 models are not written correctly: wrong Resource fac...</td></tr><tr><td><a href="https://bugs.eclipse.org/bugs/show_bug.cgi?id=143652">143652</a></td><td>nor</td><td>P3</td><td>Wind</td><td>freddy.allilaire@univ-nante...</td><td>NEW</td><td></td><td>AM3 does work in start</td></tr><tr><td><a href="https://bugs.eclipse.org/bugs/show_bug.cgi?id=143883">143883</a></td><td>maj</td><td>P3</td><td>Wind</td><td>gmt-atl-inbox@eclipse.org</td><td>NEW</td><td></td><td>Non-deterministic transform results</td></tr><tr><td><a href="https://bugs.eclipse.org/bugs/show_bug.cgi?id=144386">144386</a></td><td>maj</td><td>P3</td><td>Mac </td><td>gmt-atl-inbox@eclipse.org</td><td>RESO</td><td>FIXE</td><td>EMF 2.1 vs. 2.2 =&gt; eClassifier + eSubpackage fixes</td></tr><tr><td><a href="https://bugs.eclipse.org/bugs/show_bug.cgi?id=144614">144614</a></td><td>enh</td><td>P3</td><td>Wind</td><td>gmt-oaw-inbox@eclipse.org</td><td>NEW</td><td></td><td>[extend] paranthesis optional</td></tr><tr><td><a href="https://bugs.eclipse.org/bugs/show_bug.cgi?id=144618">144618</a></td><td>nor</td><td>P3</td><td>Wind</td><td>gmt-oaw-inbox@eclipse.org</td><td>NEW</td><td></td><td>[expressions] static checking too strict</td></tr><tr><td><a href="https://bugs.eclipse.org/bugs/show_bug.cgi?id=144619">144619</a></td><td>nor</td><td>P3</td><td>Wind</td><td>gmt-oaw-inbox@eclipse.org</td><td>RESO</td><td>WONT</td><td>[plugins] too many run configurations</td></tr><tr><td><a href="https://bugs.eclipse.org/bugs/show_bug.cgi?id=144627">144627</a></td><td>maj</td><td>P3</td><td>Wind</td><td>gmt-oaw-inbox@eclipse.org</td><td>NEW</td><td></td><td>[xpand] error message in case of missing metamodel config...</td></tr><tr><td><a href="https://bugs.eclipse.org/bugs/show_bug.cgi?id=144673">144673</a></td><td>nor</td><td>P3</td><td>Wind</td><td>gmt-oaw-inbox@eclipse.org</td><td>RESO</td><td>WONT</td><td>OAW CVS classic build error</td></tr><tr><td><a href="https://bugs.eclipse.org/bugs/show_bug.cgi?id=145191">145191</a></td><td>nor</td><td>P3</td><td>Wind</td><td>gmt-atl-inbox@eclipse.org</td><td>NEW</td><td></td><td>ATL output() does not work as documented</td></tr><tr><td><a href="https://bugs.eclipse.org/bugs/show_bug.cgi?id=145221">145221</a></td><td>nor</td><td>P3</td><td>Wind</td><td>gmt-atl-inbox@eclipse.org</td><td>NEW</td><td></td><td>KM3 Startup does undesirable startup activity</td></tr><tr><td><a href="https://bugs.eclipse.org/bugs/show_bug.cgi?id=145223">145223</a></td><td>nor</td><td>P3</td><td>Wind</td><td>gmt-atl-inbox@eclipse.org</td><td>NEW</td><td></td><td>ASMEMFModel corrupts global package registry</td></tr><tr><td><a href="https://bugs.eclipse.org/bugs/show_bug.cgi?id=145224">145224</a></td><td>nor</td><td>P3</td><td>Wind</td><td>marcos.didonet-del-fabro@un...</td><td>RESO</td><td>FIXE</td><td>WeaverResourceUtil corrupts global package registry</td></tr><tr><td><a href="https://bugs.eclipse.org/bugs/show_bug.cgi?id=145226">145226</a></td><td>nor</td><td>P3</td><td>Wind</td><td>gmt-atl-inbox@eclipse.org</td><td>NEW</td><td></td><td>iterate() incomplete and mis-documented</td></tr><tr><td><a href="https://bugs.eclipse.org/bugs/show_bug.cgi?id=145479">145479</a></td><td>tri</td><td>P3</td><td>Wind</td><td>gmt-oaw-inbox@eclipse.org</td><td>RESO</td><td>FIXE</td><td>Strange property Name: ...xpand2.Generator.prSrcPathes</td></tr><tr><td><a href="https://bugs.eclipse.org/bugs/show_bug.cgi?id=146211">146211</a></td><td>cri</td><td>P3</td><td>Wind</td><td>gmt-oaw-inbox@eclipse.org</td><td>RESO</td><td>FIXE</td><td>[uml2] UML2 Support broken</td></tr><tr><td><a href="https://bugs.eclipse.org/bugs/show_bug.cgi?id=146302">146302</a></td><td>nor</td><td>P3</td><td>Linu</td><td>gmt-am3-inbox@eclipse.org</td><td>ASSI</td><td></td><td>am3.atl ant task does not support "allow inter-model refe...</td></tr><tr><td><a href="https://bugs.eclipse.org/bugs/show_bug.cgi?id=146665">146665</a></td><td>nor</td><td>P3</td><td>Wind</td><td>gmt-oaw-inbox@eclipse.org</td><td>NEW</td><td></td><td>[plugins] Error MEssages when wrong metamodel is selected...</td></tr><tr><td><a href="https://bugs.eclipse.org/bugs/show_bug.cgi?id=146756">146756</a></td><td>nor</td><td>P3</td><td>Linu</td><td>gmt-atl-inbox@eclipse.org</td><td>NEW</td><td></td><td>Allow inter-model references causes deep copy</td></tr><tr><td><a href="https://bugs.eclipse.org/bugs/show_bug.cgi?id=147030">147030</a></td><td>nor</td><td>P3</td><td>Linu</td><td>gmt-atl-inbox@eclipse.org</td><td>NEW</td><td></td><td>ASMString.writeTo() writes relative filenames based on cu...</td></tr><tr><td><a href="https://bugs.eclipse.org/bugs/show_bug.cgi?id=147308">147308</a></td><td>min</td><td>P3</td><td>Wind</td><td>gmt-atl-inbox@eclipse.org</td><td>NEW</td><td></td><td>ATL console output goes to MOFScript console</td></tr><tr><td><a href="https://bugs.eclipse.org/bugs/show_bug.cgi?id=147313">147313</a></td><td>nor</td><td>P3</td><td>Wind</td><td>gmt-atl-inbox@eclipse.org</td><td>RESO</td><td>WONT</td><td>Iterative output patterns do not work in lazy rules</td></tr><tr><td><a href="https://bugs.eclipse.org/bugs/show_bug.cgi?id=147384">147384</a></td><td>maj</td><td>P3</td><td>Linu</td><td>gmt-atl-inbox@eclipse.org</td><td>NEW</td><td></td><td>SimpleDebugger can induce a deadlock on IOConsolePartitioner</td></tr><tr><td><a href="https://bugs.eclipse.org/bugs/show_bug.cgi?id=147387">147387</a></td><td>nor</td><td>P3</td><td>Linu</td><td>gmt-atl-inbox@eclipse.org</td><td>NEW</td><td></td><td>Suggestion to use EClass.getEStructuralFeatures() instead...</td></tr><tr><td><a href="https://bugs.eclipse.org/bugs/show_bug.cgi?id=147724">147724</a></td><td>nor</td><td>P3</td><td>Wind</td><td>gmt-am3-inbox@eclipse.org</td><td>RESO</td><td>FIXE</td><td>metadata error in CADM</td></tr><tr><td><a href="https://bugs.eclipse.org/bugs/show_bug.cgi?id=147725">147725</a></td><td>nor</td><td>P3</td><td>Wind</td><td>gmt-am3-inbox@eclipse.org</td><td>RESO</td><td>FIXE</td><td>patch for IEEE1471 Conceptual Model</td></tr><tr><td><a href="https://bugs.eclipse.org/bugs/show_bug.cgi?id=147726">147726</a></td><td>nor</td><td>P3</td><td>Wind</td><td>gmt-am3-inbox@eclipse.org</td><td>RESO</td><td>FIXE</td><td>patch for MoDAF-AV metamodel</td></tr><tr><td><a href="https://bugs.eclipse.org/bugs/show_bug.cgi?id=147922">147922</a></td><td>min</td><td>P3</td><td>Linu</td><td>gmt-oaw-inbox@eclipse.org</td><td>CLOS</td><td>FIXE</td><td>Project specific settings are only stored in workspace sc...</td></tr><tr><td><a href="https://bugs.eclipse.org/bugs/show_bug.cgi?id=148023">148023</a></td><td>nor</td><td>P3</td><td>Wind</td><td>karsten.thoms@openarchitect...</td><td>NEW</td><td></td><td>OAW4.0 / OAW-Classic: Reload of project in eclipse genera...</td></tr><tr><td><a href="https://bugs.eclipse.org/bugs/show_bug.cgi?id=148326">148326</a></td><td>nor</td><td>P3</td><td>Linu</td><td>gmt-atl-inbox@eclipse.org</td><td>NEW</td><td></td><td>Ecore pair of EEnum + EEnumLiteral vs. ATL only ASMEnumLi...</td></tr><tr><td><a href="https://bugs.eclipse.org/bugs/show_bug.cgi?id=148374">148374</a></td><td>nor</td><td>P3</td><td>Wind</td><td>gmt-atl-inbox@eclipse.org</td><td>NEW</td><td></td><td>Code assist always fails with an error</td></tr><tr><td><a href="https://bugs.eclipse.org/bugs/show_bug.cgi?id=148384">148384</a></td><td>enh</td><td>P3</td><td>Wind</td><td>gmt-oaw-inbox@eclipse.org</td><td>RESO</td><td>FIXE</td><td>Jalopy beautifier: convention file configurable</td></tr><tr><td><a href="https://bugs.eclipse.org/bugs/show_bug.cgi?id=148707">148707</a></td><td>maj</td><td>P3</td><td>Wind</td><td>gmt-oaw-inbox@eclipse.org</td><td>RESO</td><td>FIXE</td><td>[xtend] NullPointer when adding to collections</td></tr><tr><td><a href="https://bugs.eclipse.org/bugs/show_bug.cgi?id=148716">148716</a></td><td>enh</td><td>P3</td><td>Wind</td><td>gmt-oaw-inbox@eclipse.org</td><td>NEW</td><td></td><td>[xtend] Syntactic Sugar for Sets</td></tr><tr><td><a href="https://bugs.eclipse.org/bugs/show_bug.cgi?id=149064">149064</a></td><td>enh</td><td>P3</td><td>Wind</td><td>gmt-oaw-inbox@eclipse.org</td><td>NEW</td><td></td><td>[expression] flatten loses type information</td></tr><tr><td><a href="https://bugs.eclipse.org/bugs/show_bug.cgi?id=149120">149120</a></td><td>nor</td><td>P3</td><td>Wind</td><td>gmt-oaw-inbox@eclipse.org</td><td>RESO</td><td>FIXE</td><td>[recipe] NPE when evaluating recipe in EMF sample (Versio...</td></tr><tr><td><a href="https://bugs.eclipse.org/bugs/show_bug.cgi?id=150787">150787</a></td><td>nor</td><td>P3</td><td>Wind</td><td>gmt-oaw-inbox@eclipse.org</td><td>RESO</td><td>DUPL</td><td>Evaluation fails</td></tr><tr><td><a href="https://bugs.eclipse.org/bugs/show_bug.cgi?id=150801">150801</a></td><td>min</td><td>P3</td><td>Wind</td><td>gmt-oaw-inbox@eclipse.org</td><td>NEW</td><td></td><td>Syntax assist is wrong</td></tr><tr><td><a href="https://bugs.eclipse.org/bugs/show_bug.cgi?id=151281">151281</a></td><td>enh</td><td>P3</td><td>Linu</td><td>gmt-atl-inbox@eclipse.org</td><td>NEW</td><td></td><td>Using ATL's ASMMap feature for handling EMF annotations</td></tr><tr><td><a href="https://bugs.eclipse.org/bugs/show_bug.cgi?id=151509">151509</a></td><td>enh</td><td>P3</td><td>Wind</td><td>gmt-oaw-inbox@eclipse.org</td><td>RESO</td><td>FIXE</td><td>Provide an oAW project creation wizard</td></tr><tr><td><a href="https://bugs.eclipse.org/bugs/show_bug.cgi?id=151577">151577</a></td><td>enh</td><td>P3</td><td>Wind</td><td>gmt-atl-inbox@eclipse.org</td><td>RESO</td><td>WONT</td><td>Add the ability to get the resource URI with EMF repository</td></tr><tr><td><a href="https://bugs.eclipse.org/bugs/show_bug.cgi?id=151585">151585</a></td><td>cri</td><td>P3</td><td>Wind</td><td>gmt-atl-inbox@eclipse.org</td><td>RESO</td><td>FIXE</td><td>Problem generating variables references in HOT (Ecore2ATL)</td></tr><tr><td><a href="https://bugs.eclipse.org/bugs/show_bug.cgi?id=151587">151587</a></td><td>maj</td><td>P3</td><td>Wind</td><td>gmt-atl-inbox@eclipse.org</td><td>NEW</td><td></td><td>ATL engine EBNF Extractor does not recognize MapExp</td></tr><tr><td><a href="https://bugs.eclipse.org/bugs/show_bug.cgi?id=151597">151597</a></td><td>min</td><td>P3</td><td>Wind</td><td>gmt-oaw-inbox@eclipse.org</td><td>RESO</td><td>FIXE</td><td>oAW Eclipse PlugIn Vers.: 4.1.0.2006.07.13....</td></tr><tr><td><a href="https://bugs.eclipse.org/bugs/show_bug.cgi?id=152111">152111</a></td><td>nor</td><td>P3</td><td>Wind</td><td>gmt-oaw-inbox@eclipse.org</td><td>RESO</td><td>FIXE</td><td>Newline parenthesis</td></tr><tr><td><a href="https://bugs.eclipse.org/bugs/show_bug.cgi?id=152117">152117</a></td><td>nor</td><td>P3</td><td>Wind</td><td>gmt-oaw-inbox@eclipse.org</td><td>RESO</td><td>FIXE</td><td>M2 repository</td></tr><tr><td><a href="https://bugs.eclipse.org/bugs/show_bug.cgi?id=152495">152495</a></td><td>nor</td><td>P3</td><td>Linu</td><td>gmt-oaw-inbox@eclipse.org</td><td>RESO</td><td>WONT</td><td>[xpand] template polymorphism problem</td></tr><tr><td><a href="https://bugs.eclipse.org/bugs/show_bug.cgi?id=152594">152594</a></td><td>enh</td><td>P3</td><td>All</td><td>gmt-oaw-inbox@eclipse.org</td><td>NEW</td><td></td><td>POST/PRE in "FOREACH"</td></tr><tr><td><a href="https://bugs.eclipse.org/bugs/show_bug.cgi?id=152622">152622</a></td><td>nor</td><td>P3</td><td>Wind</td><td>gmt-oaw-inbox@eclipse.org</td><td>NEW</td><td></td><td>[UML2] synthetic types</td></tr><tr><td><a href="https://bugs.eclipse.org/bugs/show_bug.cgi?id=152755">152755</a></td><td>maj</td><td>P3</td><td>Wind</td><td>gmt-oaw-inbox@eclipse.org</td><td>NEW</td><td></td><td>oAW Eclipse-Plugin xTend Vers.:  4.1.0.20060714</td></tr><tr><td><a href="https://bugs.eclipse.org/bugs/show_bug.cgi?id=152896">152896</a></td><td>nor</td><td>P3</td><td>Wind</td><td>gmt-oaw-inbox@eclipse.org</td><td>NEW</td><td></td><td>oAW 4.1 RC2: XPand-Editor Syntax checking doesn't recogni...</td></tr><tr><td><a href="https://bugs.eclipse.org/bugs/show_bug.cgi?id=152897">152897</a></td><td>nor</td><td>P3</td><td>Wind</td><td>gmt-oaw-inbox@eclipse.org</td><td>RESO</td><td>FIXE</td><td>oAW 4.1 RC2: oAW Log View doesn't work</td></tr><tr><td><a href="https://bugs.eclipse.org/bugs/show_bug.cgi?id=152950">152950</a></td><td>maj</td><td>P3</td><td>Wind</td><td>gmt-oaw-inbox@eclipse.org</td><td>RESO</td><td>FIXE</td><td>Polymorphism of EMF UML2 stereotypes using oAW-check</td></tr><tr><td><a href="https://bugs.eclipse.org/bugs/show_bug.cgi?id=153281">153281</a></td><td>nor</td><td>P3</td><td>Wind</td><td>gmt-oaw-inbox@eclipse.org</td><td>RESO</td><td>FIXE</td><td>[xmiInstantiator] XPathParser problem with ARIS/Powerdesi...</td></tr><tr><td><a href="https://bugs.eclipse.org/bugs/show_bug.cgi?id=153369">153369</a></td><td>blo</td><td>P3</td><td>Linu</td><td>gmt-oaw-inbox@eclipse.org</td><td>RESO</td><td>FIXE</td><td>Failing Polymorphism mechanism in XPAND</td></tr><tr><td><a href="https://bugs.eclipse.org/bugs/show_bug.cgi?id=153802">153802</a></td><td>maj</td><td>P3</td><td>Wind</td><td>gmt-oaw-inbox@eclipse.org</td><td>VERI</td><td>FIXE</td><td>[xmiInstantiator] MagicDraw11: PrimitiveType instantiatio...</td></tr><tr><td><a href="https://bugs.eclipse.org/bugs/show_bug.cgi?id=153891">153891</a></td><td>tri</td><td>P3</td><td>Wind</td><td>karsten.thoms@openarchitect...</td><td>RESO</td><td>WORK</td><td>[Xpand2] Exception when creating directory with tailing '...</td></tr><tr><td><a href="https://bugs.eclipse.org/bugs/show_bug.cgi?id=154020">154020</a></td><td>nor</td><td>P3</td><td>Wind</td><td>gmt-oaw-inbox@eclipse.org</td><td>NEW</td><td></td><td>[Editors] Enums marked after each metamodel change</td></tr><tr><td><a href="https://bugs.eclipse.org/bugs/show_bug.cgi?id=154190">154190</a></td><td>enh</td><td>P3</td><td>Wind</td><td>gmt-oaw-inbox@eclipse.org</td><td>NEW</td><td></td><td>[JavaMetaModel] Handling Arrays as Collection</td></tr><tr><td><a href="https://bugs.eclipse.org/bugs/show_bug.cgi?id=154461">154461</a></td><td>nor</td><td>P3</td><td>Linu</td><td>gmt-oaw-inbox@eclipse.org</td><td>RESO</td><td>WONT</td><td>Property unknown in oAW 4.1</td></tr><tr><td><a href="https://bugs.eclipse.org/bugs/show_bug.cgi?id=154462">154462</a></td><td>nor</td><td>P3</td><td>Linu</td><td>gmt-oaw-inbox@eclipse.org</td><td>RESO</td><td>FIXE</td><td>toolMappingFile unknown</td></tr><tr><td><a href="https://bugs.eclipse.org/bugs/show_bug.cgi?id=154463">154463</a></td><td>blo</td><td>P3</td><td>Linu</td><td>gmt-oaw-inbox@eclipse.org</td><td>RESO</td><td>FIXE</td><td>Collection expected!:in workflow-description since oAW 4....</td></tr><tr><td><a href="https://bugs.eclipse.org/bugs/show_bug.cgi?id=154469">154469</a></td><td>enh</td><td>P3</td><td>Wind</td><td>gmt-oaw-inbox@eclipse.org</td><td>RESO</td><td>FIXE</td><td>Publish Javadoc</td></tr><tr><td><a href="https://bugs.eclipse.org/bugs/show_bug.cgi?id=154516">154516</a></td><td>nor</td><td>P3</td><td>Wind</td><td>gmt-oaw-inbox@eclipse.org</td><td>RESO</td><td>FIXE</td><td>[xmiInstantiator] Poseidon: Exceptions not supported</td></tr><tr><td><a href="https://bugs.eclipse.org/bugs/show_bug.cgi?id=154666">154666</a></td><td>enh</td><td>P3</td><td>Wind</td><td>gmt-oaw-inbox@eclipse.org</td><td>NEW</td><td></td><td>[release] Bundle ZIPs to whole distribution</td></tr><tr><td><a href="https://bugs.eclipse.org/bugs/show_bug.cgi?id=154671">154671</a></td><td>nor</td><td>P3</td><td>Wind</td><td>gmt-oaw-inbox@eclipse.org</td><td>RESO</td><td>FIXE</td><td>[release] Maven repository does not contain oAW4.1 Final</td></tr><tr><td><a href="https://bugs.eclipse.org/bugs/show_bug.cgi?id=154672">154672</a></td><td>nor</td><td>P3</td><td>Wind</td><td>gmt-oaw-inbox@eclipse.org</td><td>CLOS</td><td>INVA</td><td>[release] Maven repository does not contain oAW4.1 Final</td></tr><tr><td><a href="https://bugs.eclipse.org/bugs/show_bug.cgi?id=154673">154673</a></td><td>nor</td><td>P3</td><td>Wind</td><td>gmt-oaw-inbox@eclipse.org</td><td>CLOS</td><td>INVA</td><td>[release] Maven repository does not contain oAW4.1 Final</td></tr><tr><td><a href="https://bugs.eclipse.org/bugs/show_bug.cgi?id=154675">154675</a></td><td>enh</td><td>P3</td><td>Wind</td><td>gmt-oaw-inbox@eclipse.org</td><td>RESO</td><td>FIXE</td><td>[workflow] Report version number</td></tr><tr><td><a href="https://bugs.eclipse.org/bugs/show_bug.cgi?id=154845">154845</a></td><td>maj</td><td>P3</td><td>Wind</td><td>gmt-oaw-inbox@eclipse.org</td><td>RESO</td><td>FIXE</td><td>Xtend code completion does not always work</td></tr><tr><td><a href="https://bugs.eclipse.org/bugs/show_bug.cgi?id=154846">154846</a></td><td>nor</td><td>P3</td><td>Wind</td><td>gmt-oaw-inbox@eclipse.org</td><td>NEW</td><td></td><td>pbm with source location of plugins</td></tr><tr><td><a href="https://bugs.eclipse.org/bugs/show_bug.cgi?id=155009">155009</a></td><td>maj</td><td>P3</td><td>Wind</td><td>gmt-oaw-inbox@eclipse.org</td><td>RESO</td><td>FIXE</td><td>[workflow] Cartridge Invocation doesn't work with packages</td></tr><tr><td><a href="https://bugs.eclipse.org/bugs/show_bug.cgi?id=155018">155018</a></td><td>nor</td><td>P3</td><td>Wind</td><td>gmt-oaw-inbox@eclipse.org</td><td>NEW</td><td></td><td>[plugins] Cannot load extensions from JAR</td></tr><tr><td><a href="https://bugs.eclipse.org/bugs/show_bug.cgi?id=155184">155184</a></td><td>nor</td><td>P3</td><td>Wind</td><td>gmt-oaw-inbox@eclipse.org</td><td>NEW</td><td></td><td>XPand editor does not resolve cross-references to another...</td></tr><tr><td><a href="https://bugs.eclipse.org/bugs/show_bug.cgi?id=155190">155190</a></td><td>enh</td><td>P3</td><td>Wind</td><td>gmt-oaw-inbox@eclipse.org</td><td>RESO</td><td>FIXE</td><td>[expressions] additional primitive operations</td></tr><tr><td><a href="https://bugs.eclipse.org/bugs/show_bug.cgi?id=155191">155191</a></td><td>nor</td><td>P3</td><td>Wind</td><td>gmt-oaw-inbox@eclipse.org</td><td>RESO</td><td>FIXE</td><td>[plugins] New Project Wizard needs build.properties</td></tr><tr><td><a href="https://bugs.eclipse.org/bugs/show_bug.cgi?id=155204">155204</a></td><td>nor</td><td>P3</td><td>Wind</td><td>gmt-oaw-inbox@eclipse.org</td><td>RESO</td><td>DUPL</td><td>XPand editor does not resolve cross-references to another...</td></tr><tr><td><a href="https://bugs.eclipse.org/bugs/show_bug.cgi?id=155234">155234</a></td><td>maj</td><td>P3</td><td>Wind</td><td>gmt-oaw-inbox@eclipse.org</td><td>RESO</td><td>FIXE</td><td>bad performance when generating from a model containing a...</td></tr><tr><td><a href="https://bugs.eclipse.org/bugs/show_bug.cgi?id=155382">155382</a></td><td>maj</td><td>P3</td><td>Wind</td><td>gmt-oaw-inbox@eclipse.org</td><td>NEW</td><td></td><td>wrong (abstract + static) or missing (final) modifiers pr...</td></tr><tr><td><a href="https://bugs.eclipse.org/bugs/show_bug.cgi?id=155475">155475</a></td><td>enh</td><td>P3</td><td>Wind</td><td>gmt-oaw-inbox@eclipse.org</td><td>NEW</td><td></td><td>Enhance the newline generation control in Xpand</td></tr><tr><td><a href="https://bugs.eclipse.org/bugs/show_bug.cgi?id=155543">155543</a></td><td>nor</td><td>P3</td><td>Wind</td><td>gmt-oaw-inbox@eclipse.org</td><td>NEW</td><td></td><td>checkfile editor (*.chk) doesnt recognize multiline comment</td></tr><tr><td><a href="https://bugs.eclipse.org/bugs/show_bug.cgi?id=155652">155652</a></td><td>nor</td><td>P3</td><td>Wind</td><td>gmt-oaw-inbox@eclipse.org</td><td>NEW</td><td></td><td>"case" inside other terms is recognized as reserved word</td></tr><tr><td><a href="https://bugs.eclipse.org/bugs/show_bug.cgi?id=155654">155654</a></td><td>enh</td><td>P3</td><td>Wind</td><td>gmt-oaw-inbox@eclipse.org</td><td>NEW</td><td></td><td>[ext] create ext-statement for JAVA method</td></tr><tr><td><a href="https://bugs.eclipse.org/bugs/show_bug.cgi?id=155673">155673</a></td><td>nor</td><td>P3</td><td>Linu</td><td>gmt-atl-inbox@eclipse.org</td><td>ASSI</td><td></td><td>Registered EMF models are unloaded in dispose(), causing ...</td></tr><tr><td><a href="https://bugs.eclipse.org/bugs/show_bug.cgi?id=155691">155691</a></td><td>min</td><td>P3</td><td>Wind</td><td>karsten.thoms@openarchitect...</td><td>NEW</td><td></td><td>[xmiInstantiator] Poseidon: operations without return typ...</td></tr><tr><td><a href="https://bugs.eclipse.org/bugs/show_bug.cgi?id=155802">155802</a></td><td>enh</td><td>P3</td><td>Wind</td><td>gmt-oaw-inbox@eclipse.org</td><td>NEW</td><td></td><td>[xPand] sorting of lists</td></tr><tr><td><a href="https://bugs.eclipse.org/bugs/show_bug.cgi?id=155812">155812</a></td><td>nor</td><td>P3</td><td>Wind</td><td>gmt-atl-inbox@eclipse.org</td><td>NEW</td><td></td><td>Enumerations bug with MDR</td></tr><tr><td><a href="https://bugs.eclipse.org/bugs/show_bug.cgi?id=155854">155854</a></td><td>tri</td><td>P3</td><td>Wind</td><td>karsten.thoms@openarchitect...</td><td>RESO</td><td>FIXE</td><td>Error handling when WorkflowRunner is run from eclipse pl...</td></tr><tr><td><a href="https://bugs.eclipse.org/bugs/show_bug.cgi?id=155859">155859</a></td><td>maj</td><td>P3</td><td>Wind</td><td>gmt-oaw-inbox@eclipse.org</td><td>RESO</td><td>FIXE</td><td>metamodelGenerator: AssocRefines.xpt renders invalid code</td></tr><tr><td><a href="https://bugs.eclipse.org/bugs/show_bug.cgi?id=155956">155956</a></td><td>enh</td><td>P3</td><td>Wind</td><td>gmt-oaw-inbox@eclipse.org</td><td>NEW</td><td></td><td>oaw-classic examples: scm-workflow parameters should come...</td></tr><tr><td><a href="https://bugs.eclipse.org/bugs/show_bug.cgi?id=155976">155976</a></td><td>enh</td><td>P3</td><td>Wind</td><td>karsten.thoms@openarchitect...</td><td>ASSI</td><td></td><td>Handling of nested/inner classes and interfaces</td></tr><tr><td><a href="https://bugs.eclipse.org/bugs/show_bug.cgi?id=155995">155995</a></td><td>nor</td><td>P3</td><td>Wind</td><td>karsten.thoms@openarchitect...</td><td>NEW</td><td></td><td>Bad exception-handling in MetaEnvironmentConstraintsCheck...</td></tr><tr><td><a href="https://bugs.eclipse.org/bugs/show_bug.cgi?id=156093">156093</a></td><td>enh</td><td>P3</td><td>Linu</td><td>gmt-atl-inbox@eclipse.org</td><td>ASSI</td><td></td><td>EMF4ATL does not support embedded meta-models, such as UM...</td></tr><tr><td><a href="https://bugs.eclipse.org/bugs/show_bug.cgi?id=156094">156094</a></td><td>nor</td><td>P3</td><td>Linu</td><td>gmt-atl-inbox@eclipse.org</td><td>ASSI</td><td></td><td>EMF4ATL does not support mixed content in EMF-XSD meta-mo...</td></tr><tr><td><a href="https://bugs.eclipse.org/bugs/show_bug.cgi?id=156095">156095</a></td><td>enh</td><td>P3</td><td>Linu</td><td>gmt-atl-inbox@eclipse.org</td><td>ASSI</td><td></td><td>ATL does not support module-level inheritance</td></tr><tr><td><a href="https://bugs.eclipse.org/bugs/show_bug.cgi?id=156101">156101</a></td><td>nor</td><td>P3</td><td>Linu</td><td>gmt-atl-inbox@eclipse.org</td><td>ASSI</td><td></td><td>ATL debugger does not work in Eclipse 3.2</td></tr><tr><td><a href="https://bugs.eclipse.org/bugs/show_bug.cgi?id=156103">156103</a></td><td>nor</td><td>P3</td><td>Linu</td><td>gmt-atl-inbox@eclipse.org</td><td>REOP</td><td></td><td>EMF4ATL does not resolve proxy EPackages - NPE on using u...</td></tr><tr><td><a href="https://bugs.eclipse.org/bugs/show_bug.cgi?id=156105">156105</a></td><td>enh</td><td>P3</td><td>Wind</td><td>gmt-oaw-inbox@eclipse.org</td><td>NEW</td><td></td><td>[check] CodeCompletion: keywords as suggestions</td></tr><tr><td><a href="https://bugs.eclipse.org/bugs/show_bug.cgi?id=156106">156106</a></td><td>enh</td><td>P3</td><td>Wind</td><td>gmt-oaw-inbox@eclipse.org</td><td>NEW</td><td></td><td>[check] CodeCompletion: acitvating should not be case sen...</td></tr><tr><td><a href="https://bugs.eclipse.org/bugs/show_bug.cgi?id=156107">156107</a></td><td>enh</td><td>P3</td><td>Wind</td><td>gmt-oaw-inbox@eclipse.org</td><td>NEW</td><td></td><td>[check] CodeCompletion: analyze classpath</td></tr><tr><td><a href="https://bugs.eclipse.org/bugs/show_bug.cgi?id=156151">156151</a></td><td>nor</td><td>P3</td><td>Wind</td><td>karsten.thoms@openarchitect...</td><td>NEW</td><td></td><td>[xmiInstantiator] Initial Values for Primitives</td></tr><tr><td><a href="https://bugs.eclipse.org/bugs/show_bug.cgi?id=156205">156205</a></td><td>nor</td><td>P3</td><td>Linu</td><td>gmt-atl-inbox@eclipse.org</td><td>RESO</td><td>FIXE</td><td>ATL launch configuration (ModelChoiceTab) cannot handle m...</td></tr><tr><td><a href="https://bugs.eclipse.org/bugs/show_bug.cgi?id=156215">156215</a></td><td>maj</td><td>P3</td><td>Wind</td><td>gmt-oaw-inbox@eclipse.org</td><td>RESO</td><td>FIXE</td><td>Problem with ecore references to other meta models (conta...</td></tr><tr><td><a href="https://bugs.eclipse.org/bugs/show_bug.cgi?id=156217">156217</a></td><td>enh</td><td>P3</td><td>Wind</td><td>gmt-oaw-inbox@eclipse.org</td><td>RESO</td><td>FIXE</td><td>Log Output not very useful</td></tr><tr><td><a href="https://bugs.eclipse.org/bugs/show_bug.cgi?id=156257">156257</a></td><td>enh</td><td>P3</td><td>Wind</td><td>gmt-oaw-inbox@eclipse.org</td><td>RESO</td><td>WONT</td><td>[expressions] typeSelectNot</td></tr><tr><td><a href="https://bugs.eclipse.org/bugs/show_bug.cgi?id=156321">156321</a></td><td>enh</td><td>P3</td><td>Wind</td><td>gmt-oaw-inbox@eclipse.org</td><td>NEW</td><td></td><td>[doc - r05_workflowReference] : what is Ant's classpath</td></tr><tr><td><a href="https://bugs.eclipse.org/bugs/show_bug.cgi?id=156327">156327</a></td><td>enh</td><td>P3</td><td>Wind</td><td>gmt-oaw-inbox@eclipse.org</td><td>RESO</td><td>FIXE</td><td>[doc - r20_xPandReference] - found more Beautifier in the...</td></tr><tr><td><a href="https://bugs.eclipse.org/bugs/show_bug.cgi?id=156446">156446</a></td><td>nor</td><td>P3</td><td>Wind</td><td>gmt-atl-inbox@eclipse.org</td><td>CLOS</td><td>FIXE</td><td>EMF2KM3 transformation don't work for subPackages</td></tr><tr><td><a href="https://bugs.eclipse.org/bugs/show_bug.cgi?id=156610">156610</a></td><td>nor</td><td>P3</td><td>Wind</td><td>gmt-oaw-inbox@eclipse.org</td><td>RESO</td><td>FIXE</td><td>various parts - XmiWriter, XTend</td></tr><tr><td><a href="https://bugs.eclipse.org/bugs/show_bug.cgi?id=156612">156612</a></td><td>nor</td><td>P3</td><td>Wind</td><td>gmt-oaw-inbox@eclipse.org</td><td>RESO</td><td>WONT</td><td>[xTend] Polymorhpism Problem in Editors</td></tr><tr><td><a href="https://bugs.eclipse.org/bugs/show_bug.cgi?id=156802">156802</a></td><td>nor</td><td>P3</td><td>Wind</td><td>gmt-atl-inbox@eclipse.org</td><td>RESO</td><td>FIXE</td><td>Search for Java method too restrictive</td></tr><tr><td><a href="https://bugs.eclipse.org/bugs/show_bug.cgi?id=156846">156846</a></td><td>enh</td><td>P3</td><td>Wind</td><td>gmt-oaw-inbox@eclipse.org</td><td>NEW</td><td></td><td>[umlMetamodel] Provide metaclass "Stereotype"</td></tr><tr><td><a href="https://bugs.eclipse.org/bugs/show_bug.cgi?id=156882">156882</a></td><td>enh</td><td>P3</td><td>Linu</td><td>gmt-oaw-inbox@eclipse.org</td><td>RESO</td><td>FIXE</td><td>Add support for UML 2.0 enumerations to OAW4.1 Classic</td></tr><tr><td><a href="https://bugs.eclipse.org/bugs/show_bug.cgi?id=156887">156887</a></td><td>maj</td><td>P3</td><td>Wind</td><td>gmt-oaw-inbox@eclipse.org</td><td>RESO</td><td>FIXE</td><td>org.openarchitectureware.emf.XmiReader should offer selec...</td></tr><tr><td><a href="https://bugs.eclipse.org/bugs/show_bug.cgi?id=156995">156995</a></td><td>nor</td><td>P3</td><td>Wind</td><td>gmt-oaw-inbox@eclipse.org</td><td>RESO</td><td>FIXE</td><td>NullPointerException in GlobalVarExpression</td></tr><tr><td><a href="https://bugs.eclipse.org/bugs/show_bug.cgi?id=157045">157045</a></td><td>enh</td><td>P3</td><td>Wind</td><td>gmt-oaw-inbox@eclipse.org</td><td>NEW</td><td></td><td>[Xpand] TODO-Tags in REM</td></tr><tr><td><a href="https://bugs.eclipse.org/bugs/show_bug.cgi?id=157046">157046</a></td><td>nor</td><td>P3</td><td>Wind</td><td>gmt-oaw-inbox@eclipse.org</td><td>NEW</td><td></td><td>[expressions] Access to constants defined in interface / ...</td></tr><tr><td><a href="https://bugs.eclipse.org/bugs/show_bug.cgi?id=157048">157048</a></td><td>min</td><td>P3</td><td>Wind</td><td>gmt-oaw-inbox@eclipse.org</td><td>NEW</td><td></td><td>[xpand] Access to nested classes requires IMPORT of main ...</td></tr><tr><td><a href="https://bugs.eclipse.org/bugs/show_bug.cgi?id=157052">157052</a></td><td>enh</td><td>P3</td><td>Wind</td><td>gmt-oaw-inbox@eclipse.org</td><td>NEW</td><td></td><td>[plugin] Code completion for superclasses</td></tr><tr><td><a href="https://bugs.eclipse.org/bugs/show_bug.cgi?id=157139">157139</a></td><td>enh</td><td>P3</td><td>Wind</td><td>gmt-oaw-inbox@eclipse.org</td><td>RESO</td><td>FIXE</td><td>[xmiInstantiator] Evaluationg Type-Modifier for arrays</td></tr><tr><td><a href="https://bugs.eclipse.org/bugs/show_bug.cgi?id=157142">157142</a></td><td>enh</td><td>P3</td><td>Wind</td><td>gmt-oaw-inbox@eclipse.org</td><td>RESO</td><td>FIXE</td><td>JDOM version upgrade</td></tr><tr><td><a href="https://bugs.eclipse.org/bugs/show_bug.cgi?id=157272">157272</a></td><td>nor</td><td>P3</td><td>Linu</td><td>gmt-atl-inbox@eclipse.org</td><td>ASSI</td><td></td><td>MDR4ATL cannot save models outside an Eclipse session</td></tr><tr><td><a href="https://bugs.eclipse.org/bugs/show_bug.cgi?id=157369">157369</a></td><td>enh</td><td>P3</td><td>Wind</td><td>gmt-oaw-inbox@eclipse.org</td><td>RESO</td><td>FIXE</td><td>[MMGenerator] Improve generated code</td></tr><tr><td><a href="https://bugs.eclipse.org/bugs/show_bug.cgi?id=157436">157436</a></td><td>nor</td><td>P3</td><td>Wind</td><td>gmt-oaw-inbox@eclipse.org</td><td>RESO</td><td>FIXE</td><td>LanguageUtilities.getImage shouldn't be final in Abstract...</td></tr><tr><td><a href="https://bugs.eclipse.org/bugs/show_bug.cgi?id=157447">157447</a></td><td>enh</td><td>P3</td><td>Wind</td><td>gmt-oaw-inbox@eclipse.org</td><td>RESO</td><td>FIXE</td><td>X</td></tr><tr><td><a href="https://bugs.eclipse.org/bugs/show_bug.cgi?id=157449">157449</a></td><td>enh</td><td>P3</td><td>Wind</td><td>gmt-oaw-inbox@eclipse.org</td><td>NEW</td><td></td><td>xText editor enhancements (code folding,tooltips,format)</td></tr><tr><td><a href="https://bugs.eclipse.org/bugs/show_bug.cgi?id=157455">157455</a></td><td>nor</td><td>P3</td><td>Wind</td><td>gmt-oaw-inbox@eclipse.org</td><td>RESO</td><td>FIXE</td><td>xText Enum support broken in  4.1</td></tr><tr><td><a href="https://bugs.eclipse.org/bugs/show_bug.cgi?id=157960">157960</a></td><td>nor</td><td>P3</td><td>Wind</td><td>gmt-oaw-inbox@eclipse.org</td><td>NEW</td><td></td><td>unreferenced module elements not instantiated</td></tr><tr><td><a href="https://bugs.eclipse.org/bugs/show_bug.cgi?id=157975">157975</a></td><td>nor</td><td>P3</td><td>Wind</td><td>gmt-oaw-inbox@eclipse.org</td><td>NEW</td><td></td><td>[Doc] 'aspects' vs. 'advices'</td></tr><tr><td><a href="https://bugs.eclipse.org/bugs/show_bug.cgi?id=157977">157977</a></td><td>nor</td><td>P3</td><td>Wind</td><td>gmt-oaw-inbox@eclipse.org</td><td>RESO</td><td>INVA</td><td>MetamodelReaderPlugin doesn't compile</td></tr><tr><td><a href="https://bugs.eclipse.org/bugs/show_bug.cgi?id=158111">158111</a></td><td>tri</td><td>P3</td><td>Wind</td><td>gmt-oaw-inbox@eclipse.org</td><td>NEW</td><td></td><td>UTF8 support by XpandTemplateParser</td></tr><tr><td><a href="https://bugs.eclipse.org/bugs/show_bug.cgi?id=158134">158134</a></td><td>enh</td><td>P3</td><td>Wind</td><td>gmt-oaw-inbox@eclipse.org</td><td>NEW</td><td></td><td>programmatic adding of global vars is unnecessarily compl...</td></tr><tr><td><a href="https://bugs.eclipse.org/bugs/show_bug.cgi?id=158522">158522</a></td><td>enh</td><td>P3</td><td>Wind</td><td>gmt-oaw-inbox@eclipse.org</td><td>NEW</td><td></td><td>Reduce TypeNameUtil usage</td></tr><tr><td><a href="https://bugs.eclipse.org/bugs/show_bug.cgi?id=158523">158523</a></td><td>nor</td><td>P3</td><td>Linu</td><td>gmt-am3-inbox@eclipse.org</td><td>NEW</td><td></td><td>AM3 Ant tasks do not dispose ASMEMFModels after running</td></tr><tr><td><a href="https://bugs.eclipse.org/bugs/show_bug.cgi?id=158533">158533</a></td><td>nor</td><td>P3</td><td>Wind</td><td>gmt-oaw-inbox@eclipse.org</td><td>RESO</td><td>FIXE</td><td>Generalization with StarUML fails</td></tr><tr><td><a href="https://bugs.eclipse.org/bugs/show_bug.cgi?id=158739">158739</a></td><td>nor</td><td>P3</td><td>Wind</td><td>gmt-oaw-inbox@eclipse.org</td><td>RESO</td><td>DUPL</td><td>Private attributes in XmiWriter</td></tr><tr><td><a href="https://bugs.eclipse.org/bugs/show_bug.cgi?id=158928">158928</a></td><td>enh</td><td>P3</td><td>Wind</td><td>gmt-oaw-inbox@eclipse.org</td><td>NEW</td><td></td><td>[xtend] no mm-support in typed lists</td></tr><tr><td><a href="https://bugs.eclipse.org/bugs/show_bug.cgi?id=158963">158963</a></td><td>nor</td><td>P3</td><td>Wind</td><td>sven@efftinge.de</td><td>NEW</td><td></td><td>xText Editor: keywords are also colorized at the end of a...</td></tr><tr><td><a href="https://bugs.eclipse.org/bugs/show_bug.cgi?id=158987">158987</a></td><td>enh</td><td>P3</td><td>Wind</td><td>gmt-oaw-inbox@eclipse.org</td><td>RESO</td><td>FIXE</td><td>setStandardUML2Setup throws StringIndexOutOfBoundsException</td></tr><tr><td><a href="https://bugs.eclipse.org/bugs/show_bug.cgi?id=159022">159022</a></td><td>nor</td><td>P3</td><td>Wind</td><td>gmt-oaw-inbox@eclipse.org</td><td>RESO</td><td>FIXE</td><td>xText Editor: validation of syntactically incorrect parts...</td></tr><tr><td><a href="https://bugs.eclipse.org/bugs/show_bug.cgi?id=159088">159088</a></td><td>enh</td><td>P3</td><td>Wind</td><td>karsten.thoms@openarchitect...</td><td>NEW</td><td></td><td>metamodelGenerator: Support more meta-associations in Ass...</td></tr><tr><td><a href="https://bugs.eclipse.org/bugs/show_bug.cgi?id=159266">159266</a></td><td>enh</td><td>P3</td><td>Wind</td><td>gmt-oaw-inbox@eclipse.org</td><td>NEW</td><td></td><td>xText feature request: Number token</td></tr><tr><td><a href="https://bugs.eclipse.org/bugs/show_bug.cgi?id=159413">159413</a></td><td>nor</td><td>P3</td><td>Wind</td><td>gmt-oaw-inbox@eclipse.org</td><td>NEW</td><td></td><td>OAW editors: Renaming OAW files doesn't remove the OAW co...</td></tr><tr><td><a href="https://bugs.eclipse.org/bugs/show_bug.cgi?id=159700">159700</a></td><td>enh</td><td>P3</td><td>Wind</td><td>gmt-oaw-inbox@eclipse.org</td><td>NEW</td><td></td><td>Metamodel implementation for XSD</td></tr><tr><td><a href="https://bugs.eclipse.org/bugs/show_bug.cgi?id=159771">159771</a></td><td>enh</td><td>P3</td><td>Wind</td><td>gmt-oaw-inbox@eclipse.org</td><td>NEW</td><td></td><td>Compile/obfuscate templates</td></tr><tr><td><a href="https://bugs.eclipse.org/bugs/show_bug.cgi?id=159773">159773</a></td><td>min</td><td>P3</td><td>Wind</td><td>karsten.thoms@openarchitect...</td><td>NEW</td><td></td><td>[PoseidonAdapter] Class "String"</td></tr><tr><td><a href="https://bugs.eclipse.org/bugs/show_bug.cgi?id=159808">159808</a></td><td>enh</td><td>P3</td><td>Wind</td><td>gmt-oaw-inbox@eclipse.org</td><td>RESO</td><td>FIXE</td><td>xText Enhancements: Allow more complex rule definition</td></tr><tr><td><a href="https://bugs.eclipse.org/bugs/show_bug.cgi?id=160150">160150</a></td><td>min</td><td>P3</td><td>Wind</td><td>gmt-oaw-inbox@eclipse.org</td><td>NEW</td><td></td><td>[recipe] Error opening the .recipe file</td></tr><tr><td><a href="https://bugs.eclipse.org/bugs/show_bug.cgi?id=160273">160273</a></td><td>enh</td><td>P3</td><td>Wind</td><td>gmt-oaw-inbox@eclipse.org</td><td>NEW</td><td></td><td>[plugin] Code Completion for Xtend/Check</td></tr><tr><td><a href="https://bugs.eclipse.org/bugs/show_bug.cgi?id=160277">160277</a></td><td>enh</td><td>P3</td><td>Wind</td><td>gmt-oaw-inbox@eclipse.org</td><td>NEW</td><td></td><td>[expression] "implies" keyword</td></tr><tr><td><a href="https://bugs.eclipse.org/bugs/show_bug.cgi?id=160297">160297</a></td><td>nor</td><td>P3</td><td>Wind</td><td>gmt-oaw-inbox@eclipse.org</td><td>NEW</td><td></td><td>Recipe view and open recipe file</td></tr><tr><td><a href="https://bugs.eclipse.org/bugs/show_bug.cgi?id=160298">160298</a></td><td>min</td><td>P3</td><td>Wind</td><td>gmt-oaw-inbox@eclipse.org</td><td>NEW</td><td></td><td>[eclipse-integration] Composite Recipe Check, right click...</td></tr><tr><td><a href="https://bugs.eclipse.org/bugs/show_bug.cgi?id=160308">160308</a></td><td>nor</td><td>P3</td><td>Wind</td><td>gmt-oaw-inbox@eclipse.org</td><td>NEW</td><td></td><td>[expressions] collect statement evaluation wrong</td></tr><tr><td><a href="https://bugs.eclipse.org/bugs/show_bug.cgi?id=160460">160460</a></td><td>enh</td><td>P3</td><td>Wind</td><td>gmt-oaw-inbox@eclipse.org</td><td>NEW</td><td></td><td>[xpand] SWITCH fr Xpand</td></tr><tr><td><a href="https://bugs.eclipse.org/bugs/show_bug.cgi?id=160461">160461</a></td><td>nor</td><td>P3</td><td>Wind</td><td>gmt-oaw-inbox@eclipse.org</td><td>NEW</td><td></td><td>[expression] Passing int to extension function fails at r...</td></tr><tr><td><a href="https://bugs.eclipse.org/bugs/show_bug.cgi?id=160462">160462</a></td><td>enh</td><td>P3</td><td>Wind</td><td>gmt-oaw-inbox@eclipse.org</td><td>NEW</td><td></td><td>[xpand] suppress blankline for template lines that do not...</td></tr><tr><td><a href="https://bugs.eclipse.org/bugs/show_bug.cgi?id=160463">160463</a></td><td>enh</td><td>P3</td><td>Wind</td><td>gmt-oaw-inbox@eclipse.org</td><td>NEW</td><td></td><td>[plugin] color decorators for generated code</td></tr><tr><td><a href="https://bugs.eclipse.org/bugs/show_bug.cgi?id=160464">160464</a></td><td>min</td><td>P3</td><td>Wind</td><td>karsten.thoms@openarchitect...</td><td>RESO</td><td>FIXE</td><td>[plugin] code completion: keywords missing</td></tr><tr><td><a href="https://bugs.eclipse.org/bugs/show_bug.cgi?id=160465">160465</a></td><td>nor</td><td>P3</td><td>Wind</td><td>gmt-oaw-inbox@eclipse.org</td><td>NEW</td><td></td><td>[docs] plugin: document decorators for code assist</td></tr><tr><td><a href="https://bugs.eclipse.org/bugs/show_bug.cgi?id=160466">160466</a></td><td>tri</td><td>P3</td><td>Wind</td><td>gmt-oaw-inbox@eclipse.org</td><td>NEW</td><td></td><td>[docs] built-in: undocumented features</td></tr><tr><td><a href="https://bugs.eclipse.org/bugs/show_bug.cgi?id=160555">160555</a></td><td>enh</td><td>P3</td><td>Wind</td><td>gmt-oaw-inbox@eclipse.org</td><td>NEW</td><td></td><td>Tool adapter for borland together designer</td></tr><tr><td><a href="https://bugs.eclipse.org/bugs/show_bug.cgi?id=160646">160646</a></td><td>nor</td><td>P3</td><td>Linu</td><td>gmt-atl-inbox@eclipse.org</td><td>NEW</td><td></td><td>Resolving references over multiple models fails</td></tr><tr><td><a href="https://bugs.eclipse.org/bugs/show_bug.cgi?id=161207">161207</a></td><td>maj</td><td>P3</td><td>Linu</td><td>gmt-oaw-inbox@eclipse.org</td><td>RESO</td><td>FIXE</td><td>Workflow errors don't get transmitted to ant task</td></tr><tr><td><a href="https://bugs.eclipse.org/bugs/show_bug.cgi?id=161240">161240</a></td><td>min</td><td>P3</td><td>Wind</td><td>gmt-oaw-inbox@eclipse.org</td><td>NEW</td><td></td><td>[docs] EMF Example - Setting project dependencies</td></tr><tr><td><a href="https://bugs.eclipse.org/bugs/show_bug.cgi?id=161516">161516</a></td><td>nor</td><td>P3</td><td>Wind</td><td>karsten.thoms@openarchitect...</td><td>NEW</td><td></td><td>[SCM example] update docs / check example</td></tr><tr><td><a href="https://bugs.eclipse.org/bugs/show_bug.cgi?id=161708">161708</a></td><td>min</td><td>P3</td><td>All</td><td>gmt-oaw-inbox@eclipse.org</td><td>RESO</td><td>FIXE</td><td>org.openarchitectureware.core.feature.source doesn't cont...</td></tr><tr><td><a href="https://bugs.eclipse.org/bugs/show_bug.cgi?id=161746">161746</a></td><td>maj</td><td>P3</td><td>All</td><td>sven@efftinge.de</td><td>NEW</td><td></td><td>Unable to specify string rules in xtext for real numbers ...</td></tr><tr><td><a href="https://bugs.eclipse.org/bugs/show_bug.cgi?id=161854">161854</a></td><td>nor</td><td>P3</td><td>Wind</td><td>gmt-oaw-inbox@eclipse.org</td><td>NEW</td><td></td><td>BugFix - Userdefined Strings (with custom delimiters) do ...</td></tr><tr><td><a href="https://bugs.eclipse.org/bugs/show_bug.cgi?id=161855">161855</a></td><td>min</td><td>P3</td><td>Wind</td><td>sven@efftinge.de</td><td>NEW</td><td></td><td>Strange token names in generated Grammar. Like TOKENIIIII...</td></tr><tr><td><a href="https://bugs.eclipse.org/bugs/show_bug.cgi?id=161866">161866</a></td><td>nor</td><td>P3</td><td>Wind</td><td>karsten.thoms@openarchitect...</td><td>NEW</td><td></td><td>[xmiInstantiator] Multiple Stereotypes</td></tr><tr><td><a href="https://bugs.eclipse.org/bugs/show_bug.cgi?id=161915">161915</a></td><td>enh</td><td>P3</td><td>Wind</td><td>gmt-oaw-inbox@eclipse.org</td><td>NEW</td><td></td><td>dynamic expansion of template : (fully qualified) definit...</td></tr><tr><td><a href="https://bugs.eclipse.org/bugs/show_bug.cgi?id=162063">162063</a></td><td>nor</td><td>P3</td><td>Wind</td><td>gmt-atl-inbox@eclipse.org</td><td>NEW</td><td></td><td>ATL mess up VE</td></tr><tr><td><a href="https://bugs.eclipse.org/bugs/show_bug.cgi?id=162761">162761</a></td><td>cri</td><td>P3</td><td>Wind</td><td>gmt-oaw-inbox@eclipse.org</td><td>RESO</td><td>FIXE</td><td>XSLT Component in a oAW Workflow</td></tr><tr><td><a href="https://bugs.eclipse.org/bugs/show_bug.cgi?id=163046">163046</a></td><td>maj</td><td>P3</td><td>Wind</td><td>gmt-oaw-inbox@eclipse.org</td><td>RESO</td><td>FIXE</td><td>[Xpand] Cannot qualifiy names in AROUND templates</td></tr><tr><td><a href="https://bugs.eclipse.org/bugs/show_bug.cgi?id=163201">163201</a></td><td>maj</td><td>P3</td><td>All</td><td>gmt-oaw-inbox@eclipse.org</td><td>NEW</td><td></td><td>oAW cannot handle multiple stereotypes.</td></tr><tr><td><a href="https://bugs.eclipse.org/bugs/show_bug.cgi?id=163224">163224</a></td><td>nor</td><td>P3</td><td>Wind</td><td>gmt-oaw-inbox@eclipse.org</td><td>NEW</td><td></td><td>xTend: Typing of add(...) operations</td></tr><tr><td><a href="https://bugs.eclipse.org/bugs/show_bug.cgi?id=163313">163313</a></td><td>nor</td><td>P3</td><td>Wind</td><td>sven@efftinge.de</td><td>NEW</td><td></td><td>xText parser error reporting is not working properly</td></tr><tr><td><a href="https://bugs.eclipse.org/bugs/show_bug.cgi?id=163776">163776</a></td><td>nor</td><td>P3</td><td>All</td><td>gmt-oaw-inbox@eclipse.org</td><td>RESO</td><td>FIXE</td><td>XpandResourceParser ignores file encoding</td></tr><tr><td><a href="https://bugs.eclipse.org/bugs/show_bug.cgi?id=163777">163777</a></td><td>nor</td><td>P3</td><td>All</td><td>gmt-oaw-inbox@eclipse.org</td><td>RESO</td><td>DUPL</td><td>Xpand Editor ignores .xpt file encoding</td></tr><tr><td><a href="https://bugs.eclipse.org/bugs/show_bug.cgi?id=163787">163787</a></td><td>nor</td><td>P3</td><td>All</td><td>gmt-oaw-inbox@eclipse.org</td><td>RESO</td><td>FIXE</td><td>Xpand Scanner does not support Unicode properly</td></tr><tr><td><a href="https://bugs.eclipse.org/bugs/show_bug.cgi?id=163993">163993</a></td><td>nor</td><td>P3</td><td>Wind</td><td>gmt-oaw-inbox@eclipse.org</td><td>NEW</td><td></td><td>Race condition in ResourceLoaderFactory</td></tr><tr><td><a href="https://bugs.eclipse.org/bugs/show_bug.cgi?id=164281">164281</a></td><td>maj</td><td>P3</td><td>Wind</td><td>sven@efftinge.de</td><td>NEW</td><td></td><td>[type-system] Access to type cache returns wrong type ins...</td></tr><tr><td><a href="https://bugs.eclipse.org/bugs/show_bug.cgi?id=165300">165300</a></td><td>nor</td><td>P3</td><td>Wind</td><td>gmt-oaw-inbox@eclipse.org</td><td>NEW</td><td></td><td>Problem instantiating a metamodelpackage</td></tr><tr><td><a href="https://bugs.eclipse.org/bugs/show_bug.cgi?id=165778">165778</a></td><td>enh</td><td>P3</td><td>Wind</td><td>gmt-oaw-inbox@eclipse.org</td><td>RESO</td><td>FIXE</td><td>org.openarchitectureware.emf.XmiWriter should provide bet...</td></tr><tr><td><a href="https://bugs.eclipse.org/bugs/show_bug.cgi?id=166168">166168</a></td><td>nor</td><td>P3</td><td>Wind</td><td>gmt-oaw-inbox@eclipse.org</td><td>NEW</td><td></td><td>Strange behaviour for implicit iterators</td></tr><tr><td><a href="https://bugs.eclipse.org/bugs/show_bug.cgi?id=166185">166185</a></td><td>enh</td><td>P3</td><td>Wind</td><td>gmt-oaw-inbox@eclipse.org</td><td>NEW</td><td></td><td>"abstract" workflows</td></tr><tr><td><a href="https://bugs.eclipse.org/bugs/show_bug.cgi?id=166251">166251</a></td><td>maj</td><td>P3</td><td>Wind</td><td>gmt-oaw-inbox@eclipse.org</td><td>NEW</td><td></td><td>can't find a non-terminal when doing syntax checking</td></tr><tr><td><a href="https://bugs.eclipse.org/bugs/show_bug.cgi?id=166319">166319</a></td><td>nor</td><td>P3</td><td>All</td><td>gmt-oaw-inbox@eclipse.org</td><td>NEW</td><td></td><td>[Xpand2] Omit "trivial" generation</td></tr><tr><td><a href="https://bugs.eclipse.org/bugs/show_bug.cgi?id=166663">166663</a></td><td>enh</td><td>P3</td><td>Wind</td><td>gmt-oaw-inbox@eclipse.org</td><td>NEW</td><td></td><td>Error Reporting needs to be improved</td></tr><tr><td><a href="https://bugs.eclipse.org/bugs/show_bug.cgi?id=166678">166678</a></td><td>nor</td><td>P3</td><td>Wind</td><td>gmt-oaw-inbox@eclipse.org</td><td>NEW</td><td></td><td>Top Level Outline Element missing</td></tr><tr><td><a href="https://bugs.eclipse.org/bugs/show_bug.cgi?id=166922">166922</a></td><td>nor</td><td>P3</td><td>Wind</td><td>b.kolb@kolbware.de</td><td>ASSI</td><td></td><td>openArchitectureWare 4.1.1 core Sources contains wrong ar...</td></tr><tr><td><a href="https://bugs.eclipse.org/bugs/show_bug.cgi?id=166928">166928</a></td><td>enh</td><td>P3</td><td>Wind</td><td>gmt-oaw-inbox@eclipse.org</td><td>NEW</td><td></td><td>XPand: Improved handling of protected regions</td></tr><tr><td><a href="https://bugs.eclipse.org/bugs/show_bug.cgi?id=166929">166929</a></td><td>enh</td><td>P3</td><td>Wind</td><td>gmt-oaw-inbox@eclipse.org</td><td>NEW</td><td></td><td>XPand: Ignore trivial chages</td></tr><tr><td><a href="https://bugs.eclipse.org/bugs/show_bug.cgi?id=167059">167059</a></td><td>nor</td><td>P3</td><td>Wind</td><td>gmt-oaw-inbox@eclipse.org</td><td>NEW</td><td></td><td>Usage of EnumerationLiterals for Tagged Values</td></tr><tr><td><a href="https://bugs.eclipse.org/bugs/show_bug.cgi?id=167186">167186</a></td><td>nor</td><td>P3</td><td>Wind</td><td>gmt-oaw-inbox@eclipse.org</td><td>NEW</td><td></td><td>Ecipse Run/Debug Dialog defined environment variables sho...</td></tr><tr><td><a href="https://bugs.eclipse.org/bugs/show_bug.cgi?id=167187">167187</a></td><td>nor</td><td>P3</td><td>Wind</td><td>gmt-oaw-inbox@eclipse.org</td><td>NEW</td><td></td><td>Multiple Stereotypes but only one type is available in OAW</td></tr><tr><td><a href="https://bugs.eclipse.org/bugs/show_bug.cgi?id=167341">167341</a></td><td>nor</td><td>P3</td><td>Wind</td><td>sven@efftinge.de</td><td>NEW</td><td></td><td>String is always recognized as Keyword</td></tr><tr><td><a href="https://bugs.eclipse.org/bugs/show_bug.cgi?id=167428">167428</a></td><td>min</td><td>P3</td><td>Wind</td><td>gmt-oaw-inbox@eclipse.org</td><td>NEW</td><td></td><td>Misleading error message if collections are null</td></tr><tr><td><a href="https://bugs.eclipse.org/bugs/show_bug.cgi?id=167473">167473</a></td><td>nor</td><td>P3</td><td>Wind</td><td>gmt-oaw-inbox@eclipse.org</td><td>NEW</td><td></td><td>Aspects dont respect inheritance hierachy</td></tr><tr><td><a href="https://bugs.eclipse.org/bugs/show_bug.cgi?id=167493">167493</a></td><td>nor</td><td>P3</td><td>Mac </td><td>karsten.thoms@openarchitect...</td><td>ASSI</td><td></td><td>Reduce third party dependencies</td></tr><tr><td><a href="https://bugs.eclipse.org/bugs/show_bug.cgi?id=167613">167613</a></td><td>blo</td><td>P3</td><td>Wind</td><td>gmt-oaw-inbox@eclipse.org</td><td>NEW</td><td></td><td>Changes to deal with EMF's Java 5.0 changes</td></tr><tr><td><a href="https://bugs.eclipse.org/bugs/show_bug.cgi?id=167617">167617</a></td><td>nor</td><td>P3</td><td>Linu</td><td>gmt-atl-inbox@eclipse.org</td><td>NEW</td><td></td><td>Model element introspection fails during debugging</td></tr><tr><td><a href="https://bugs.eclipse.org/bugs/show_bug.cgi?id=168025">168025</a></td><td>nor</td><td>P3</td><td>Wind</td><td>gmt-atl-inbox@eclipse.org</td><td>NEW</td><td></td><td>Console does not display debug message anymore</td></tr><tr><td><a href="https://bugs.eclipse.org/bugs/show_bug.cgi?id=168076">168076</a></td><td>nor</td><td>P3</td><td>Wind</td><td>gmt-oaw-inbox@eclipse.org</td><td>NEW</td><td></td><td>Incorrect mapping of multivalued Tagged Value</td></tr><tr><td><a href="https://bugs.eclipse.org/bugs/show_bug.cgi?id=168123">168123</a></td><td>nor</td><td>P3</td><td>Wind</td><td>gmt-oaw-inbox@eclipse.org</td><td>NEW</td><td></td><td>Make Core Workflow registerable for buddies</td></tr><tr><td><a href="https://bugs.eclipse.org/bugs/show_bug.cgi?id=168351">168351</a></td><td>nor</td><td>P3</td><td>Mac </td><td>karsten.thoms@openarchitect...</td><td>RESO</td><td>FIXE</td><td>[xpand] JavaBeautifier - temporary file is not removed</td></tr><tr><td><a href="https://bugs.eclipse.org/bugs/show_bug.cgi?id=168589">168589</a></td><td>enh</td><td>P3</td><td>Wind</td><td>gmt-oaw-inbox@eclipse.org</td><td>NEW</td><td></td><td>INT Token Type</td></tr><tr><td><a href="https://bugs.eclipse.org/bugs/show_bug.cgi?id=168595">168595</a></td><td>nor</td><td>P3</td><td>Wind</td><td>gmt-oaw-inbox@eclipse.org</td><td>NEW</td><td></td><td>INT Token does not accept negative numbers</td></tr><tr><td><a href="https://bugs.eclipse.org/bugs/show_bug.cgi?id=168655">168655</a></td><td>nor</td><td>P3</td><td>Mac </td><td>gmt-oaw-inbox@eclipse.org</td><td>NEW</td><td></td><td>Actions are executoed for last alternative only</td></tr><tr><td><a href="https://bugs.eclipse.org/bugs/show_bug.cgi?id=169126">169126</a></td><td>maj</td><td>P3</td><td>Wind</td><td>gmt-oaw-inbox@eclipse.org</td><td>NEW</td><td></td><td>no line numbers in the error message</td></tr><tr><td><a href="https://bugs.eclipse.org/bugs/show_bug.cgi?id=169127">169127</a></td><td>nor</td><td>P3</td><td>Wind</td><td>gmt-oaw-inbox@eclipse.org</td><td>NEW</td><td></td><td>Editor Convenience</td></tr><tr><td><a href="https://bugs.eclipse.org/bugs/show_bug.cgi?id=169128">169128</a></td><td>nor</td><td>P3</td><td>Wind</td><td>gmt-oaw-inbox@eclipse.org</td><td>NEW</td><td></td><td>reporting errors from within a transformation</td></tr><tr><td><a href="https://bugs.eclipse.org/bugs/show_bug.cgi?id=169129">169129</a></td><td>nor</td><td>P3</td><td>Wind</td><td>gmt-oaw-inbox@eclipse.org</td><td>NEW</td><td></td><td>error reporting if an extension include is invalid</td></tr><tr><td><a href="https://bugs.eclipse.org/bugs/show_bug.cgi?id=169130">169130</a></td><td>nor</td><td>P3</td><td>Wind</td><td>gmt-oaw-inbox@eclipse.org</td><td>NEW</td><td></td><td>"phantom errors"</td></tr><tr><td><a href="https://bugs.eclipse.org/bugs/show_bug.cgi?id=169279">169279</a></td><td>nor</td><td>P3</td><td>Wind</td><td>gmt-oaw-inbox@eclipse.org</td><td>NEW</td><td></td><td>Special quote character used in xPand cause errors in UTF-8</td></tr><tr><td><a href="https://bugs.eclipse.org/bugs/show_bug.cgi?id=169280">169280</a></td><td>nor</td><td>P3</td><td>Wind</td><td>gmt-oaw-inbox@eclipse.org</td><td>NEW</td><td></td><td>Bad highlighting when using identifiers containing "ID"</td></tr></table>